标题,日期,链接,内容,来源
"2025年全省文化和旅游市场综合执法能力...(
                                10-30)",2025-10-03,http://wlt.shanxi.gov.cn/xwzx/wlyw/202510/t20251030_9985452.shtml,"无障碍浏览
切换到
繁体
机构设置
领导信息
机构职能
内设机构
派驻机构
厅属单位
新闻中心
文旅要闻
文旅信息
通知公告
市县动态
图片新闻
视频新闻
专题工作
政务公开
信息公开
法治建设
政策解读
财务工作
人事工作
公共服务
在线办事
双公示
公示查询
网上办事大厅
游戏游艺设备公示
互动交流
公众问答
意见征集
投诉建议
领导信箱
您现在将离开本网站跳转至
， 点击确定跳转。
确定
取消
首页
>
新闻中心
>
文旅要闻
2025年全省文化和旅游市场综合执法能力提升培训班
在汾阳召开
时间：2025-10-30 11:19:47
来源：厅文化和旅游市场综合执法监督局
作者：
|
字体：
放大
正常
缩小
为主动适应新时代综合行政执法工作新形势、新要求，切实提升执法人员法治素养与业务能力，规范执法行为、提高执法效能，省文旅厅10月20日至10月24日在吕梁市汾阳市贾家庄召开2025年全省文化和旅游市场综合执法能力提升培训班，全省各地市共计73名一线执法骨干参加。
本次培训班围绕执法工作中的“痛点”“难点”展开，聚焦于营业性演出监管要点、版权市场执法、文物市场执法、未成年人保护",山西省文化和旅游厅
"林红玉检查调度国庆中秋假期文旅工作(
                                10-09)",2025-10-02,http://wlt.shanxi.gov.cn/xwzx/wlyw/202510/t20251009_9971893.shtml,"无障碍浏览
切换到
繁体
机构设置
领导信息
机构职能
内设机构
派驻机构
厅属单位
新闻中心
文旅要闻
文旅信息
通知公告
市县动态
图片新闻
视频新闻
专题工作
政务公开
信息公开
法治建设
政策解读
财务工作
人事工作
公共服务
在线办事
双公示
公示查询
网上办事大厅
游戏游艺设备公示
互动交流
公众问答
意见征集
投诉建议
领导信箱
您现在将离开本网站跳转至
， 点击确定跳转。
确定
取消
首页
>
新闻中心
>
文旅要闻
林红玉检查调度国庆中秋假期文旅工作
时间：2025-10-09 09:25:03
来源：山西日报
作者：
|
字体：
放大
正常
缩小
10月2日，副省长林红玉在省文旅厅检查调度国庆、中秋假期文旅工作，看望慰问值班值守人员。
林红玉通过全省文旅综合监测平台，视频连线晋祠、云冈石窟、应县木塔、五台山、吕梁贾家庄、平遥古城、藏山、八泉峡、壶口瀑布、皇城相府、关公故里等景区，详细了解客流情况及值班值守工作，代表省政府向坚守岗位的文旅工作者表示慰问。他指出，全省旅游市场火热，各地各有关部门要坚持以游客为中心，做好景区客流监测和运行调度，以优质服务迎接八方游客。要高",山西省文化和旅游厅
"刘冲督导调研国庆中秋文旅假日市场工作(
                                10-06)",2025-10-03,http://wlt.shanxi.gov.cn/xwzx/wlyw/202510/t20251006_9971332.shtml,"无障碍浏览
切换到
繁体
机构设置
领导信息
机构职能
内设机构
派驻机构
厅属单位
新闻中心
文旅要闻
文旅信息
通知公告
市县动态
图片新闻
视频新闻
专题工作
政务公开
信息公开
法治建设
政策解读
财务工作
人事工作
公共服务
在线办事
双公示
公示查询
网上办事大厅
游戏游艺设备公示
互动交流
公众问答
意见征集
投诉建议
领导信箱
您现在将离开本网站跳转至
， 点击确定跳转。
确定
取消
首页
>
新闻中心
>
文旅要闻
刘冲督导调研国庆中秋文旅假日市场工作
时间：2025-10-06 07:43:20
来源：
作者：
|
字体：
放大
正常
缩小
10月
3
日
至
5日
，
省文旅厅党组书记刘冲赴晋中、临汾、运城等地
督导调研
国庆中秋文旅假日
市场工作。
刘冲
先后
深入文博场馆、旅游景区、文化企业等场所
，
采取实地走访、现场查看等方式，详细了解各地在节日期间强化行业
监管
、丰富
产品供给、提升服务质量
等方面开展的工作，仔细询问文旅场所
在游客接待、客流疏导、交通保畅及秩序维护等方面采取的措施，
对多部门联合
开展
涉旅道路交通、火灾防范、食品安全
等
方面的
",山西省文化和旅游厅
"全省文化旅游国庆中秋假期安全生产和假...(
                                09-28)",2025-10,http://wlt.shanxi.gov.cn/xwzx/wlyw/202509/t20250928_9968350.shtml,"无障碍浏览
切换到
繁体
机构设置
领导信息
机构职能
内设机构
派驻机构
厅属单位
新闻中心
文旅要闻
文旅信息
通知公告
市县动态
图片新闻
视频新闻
专题工作
政务公开
信息公开
法治建设
政策解读
财务工作
人事工作
公共服务
在线办事
双公示
公示查询
网上办事大厅
游戏游艺设备公示
互动交流
公众问答
意见征集
投诉建议
领导信箱
您现在将离开本网站跳转至
， 点击确定跳转。
确定
取消
首页
>
新闻中心
>
文旅要闻
全省文化旅游国庆中秋假期安全生产和假日市场工作视频会议召开
时间：2025-09-28 17:16:32
来源：厅市场管理处
作者：
|
字体：
放大
正常
缩小
9月26日，全省文化旅游国庆中秋假期安全生产和假日市场工作视频会议召开。
会议深入
贯彻落实习近平总书记考察山西重要讲话重要指示精神，落实文化和旅游部、省委省政府工作部署，
对全省文化旅游国庆中秋假期安全生产和假日市场工作再强调、再部署、再落实。省文旅厅厅长王爱琴出席会议并讲话。
会议强调，各级文旅部门要牢固树立安全发展理念，压紧压实工作责任，加强对文旅市场综合治理工作的统筹协调，健全完善工作机",山西省文化和旅游厅
"山西省多家景区执行淡季门票政策(
                                    10-30)",2025-10-03,http://wlt.shanxi.gov.cn/xwzx/wlxx/202510/t20251030_9985195.shtml,"无障碍浏览
切换到
繁体
机构设置
领导信息
机构职能
内设机构
派驻机构
厅属单位
新闻中心
文旅要闻
文旅信息
通知公告
市县动态
图片新闻
视频新闻
专题工作
政务公开
信息公开
法治建设
政策解读
财务工作
人事工作
公共服务
在线办事
双公示
公示查询
网上办事大厅
游戏游艺设备公示
互动交流
公众问答
意见征集
投诉建议
领导信箱
您现在将离开本网站跳转至
， 点击确定跳转。
确定
取消
首页
>
新闻中心
>
文旅信息
山西省多家景区执行淡季门票政策
首道门票价格及景区运营时间有调整，请合理安排参观时间
时间：2025-10-30 08:55:39
来源：山西晚报
作者：
|
字体：
放大
正常
缩小
天气转冷，为保障景区运营安全，提高景区运营效率，山西多家景区陆续开始执行淡季门票政策：首道门票价格及景区运营时间进行调整。
王家大院景区于
10月28日起，营业时间变更为8：00－17：30（17：00停止售票）。景区停止售票和闭园时间，均比旺季提前半个小时，但票价从11月1日开始调整，执行淡季门票价格，为30元／人次。
10月27日，雁门关景区发布公告称：将于11月1日至",山西省文化和旅游厅
"太行一号旅游公路：在红叶云海间...(
                                    10-29)",2025-10-02,http://wlt.shanxi.gov.cn/xwzx/wlxx/202510/t20251029_9984295.shtml,"无障碍浏览
切换到
繁体
机构设置
领导信息
机构职能
内设机构
派驻机构
厅属单位
新闻中心
文旅要闻
文旅信息
通知公告
市县动态
图片新闻
视频新闻
专题工作
政务公开
信息公开
法治建设
政策解读
财务工作
人事工作
公共服务
在线办事
双公示
公示查询
网上办事大厅
游戏游艺设备公示
互动交流
公众问答
意见征集
投诉建议
领导信箱
您现在将离开本网站跳转至
， 点击确定跳转。
确定
取消
首页
>
新闻中心
>
文旅信息
太行一号旅游公路：在红叶云海间，驶入秋日的山水长卷
时间：2025-10-29 08:54:23
来源：山西日报
作者：
|
字体：
放大
正常
缩小
十月的太行山，是大自然执笔的油画长卷。当太行一号旅游公路在这片斑斓中蜿蜒舒展，便成了我们探寻秋日秘境的金色线索——从空中俯瞰，公路如银蛇穿梭于红海般的枫林、翡翠似的松柏与金黄的桦树之间，带我们驶入一场关于色彩与山水的视觉盛宴。
太行一号旅游公路的秋日，是被红叶点燃的“流动风景线”。从晋城到长治，时而钻进峡谷，时而跃上云海。从阳泉到晋中，沿途的黄栌、栎树、桦树在秋阳下绽放出浓烈色彩。太原西山上的红叶如宝石般绚",山西省文化和旅游厅
"平遥古城等4家山西景区上榜(
                                    10-28)",2025-10-02,http://wlt.shanxi.gov.cn/xwzx/wlxx/202510/t20251028_9983568.shtml,"无障碍浏览
切换到
繁体
机构设置
领导信息
机构职能
内设机构
派驻机构
厅属单位
新闻中心
文旅要闻
文旅信息
通知公告
市县动态
图片新闻
视频新闻
专题工作
政务公开
信息公开
法治建设
政策解读
财务工作
人事工作
公共服务
在线办事
双公示
公示查询
网上办事大厅
游戏游艺设备公示
互动交流
公众问答
意见征集
投诉建议
领导信箱
您现在将离开本网站跳转至
， 点击确定跳转。
确定
取消
首页
>
新闻中心
>
文旅信息
迈点研究院发布的9月份5A景区百强榜单显示
平遥古城等4家山西景区上榜
时间：2025-10-28 08:39:59
来源：山西经济日报
作者：
|
字体：
放大
正常
缩小
近日，迈点研究院独家发布
“2025年9月5A级景区品牌传播力100强榜单”，我省4家景区榜上有名，分别为：平遥古城景区、云冈石窟、皇城相府生态文化旅游区和洪洞大槐树寻根祭祖园景区。其中，平遥古城景区和云冈石窟再次位列百强榜前十。
“2025年9月5A级景区品牌传播力100强榜单”数据来源于迈点品牌指数MBI，根据9月迈点品牌指数MBI的359个5A景区数据汇总统计而成，旨在通过数据",山西省文化和旅游厅
"全国大学生红色旅游创意策划大赛...(
                                    10-27)",2025-10-02,http://wlt.shanxi.gov.cn/xwzx/wlxx/202510/t20251027_9982692.shtml,"无障碍浏览
切换到
繁体
机构设置
领导信息
机构职能
内设机构
派驻机构
厅属单位
新闻中心
文旅要闻
文旅信息
通知公告
市县动态
图片新闻
视频新闻
专题工作
政务公开
信息公开
法治建设
政策解读
财务工作
人事工作
公共服务
在线办事
双公示
公示查询
网上办事大厅
游戏游艺设备公示
互动交流
公众问答
意见征集
投诉建议
领导信箱
您现在将离开本网站跳转至
， 点击确定跳转。
确定
取消
首页
>
新闻中心
>
文旅信息
以“铸就红色理想 书写创意青春”为主题
全国大学生红色旅游创意策划大赛总决赛收官
时间：2025-10-27 08:56:04
来源：山西经济日报
作者：
|
字体：
放大
正常
缩小
近日，第十五届全国大学生红色旅游创意策划大赛全国总决赛在武乡县收官。本届大赛共吸引全国
1001所高校的6002支队伍、逾3万名师生参与，征集作品5144项。经过激烈角逐，60支团队晋级总决赛。其中，中国传媒大学、东北财经大学、重庆师范大学、中南林业科技大学、桂林理工大学、重庆财经学院6支队伍获特等奖，北京第二外国语学院等18支队伍获一等奖，太原理工大学等31支队伍获二等奖",山西省文化和旅游厅
"全省文化和旅游系统安全管理培训...(
                                    10-24)",2025-10-02,http://wlt.shanxi.gov.cn/xwzx/wlxx/202510/t20251024_9982042.shtml,"无障碍浏览
切换到
繁体
机构设置
领导信息
机构职能
内设机构
派驻机构
厅属单位
新闻中心
文旅要闻
文旅信息
通知公告
市县动态
图片新闻
视频新闻
专题工作
政务公开
信息公开
法治建设
政策解读
财务工作
人事工作
公共服务
在线办事
双公示
公示查询
网上办事大厅
游戏游艺设备公示
互动交流
公众问答
意见征集
投诉建议
领导信箱
您现在将离开本网站跳转至
， 点击确定跳转。
确定
取消
首页
>
新闻中心
>
文旅信息
全省文化和旅游系统安全管理培训与应急演练活动成功举办
时间：2025-10-24 17:04:27
来源：厅市场管理处
作者：
|
字体：
放大
正常
缩小
为深入贯彻落实习近平总书记关于安全生产重要论述和重要指示批示精神，全面提升从业人员安全意识、应急管理和风险应对处置能力，保障全省文旅行业领域安全发展。
10月21日至24日
，省文旅厅在
运城
市组织开展
了
全省文化和旅游
系统
安全
管理
培训与应急演练活动。
此次培训邀请我省安全生产、管理方面的专家，分别从安全法律法规、事故预防与安全监管、消防安全与管理等方面进行专题授课。应急演练活动针对景区木",山西省文化和旅游厅
"应县持续推动文旅康养产业融合发展(
                                    10-30)",2025-10-03,http://wlt.shanxi.gov.cn/xwzx/sxdt/202510/t20251030_9985205.shtml,"无障碍浏览
切换到
繁体
机构设置
领导信息
机构职能
内设机构
派驻机构
厅属单位
新闻中心
文旅要闻
文旅信息
通知公告
市县动态
图片新闻
视频新闻
专题工作
政务公开
信息公开
法治建设
政策解读
财务工作
人事工作
公共服务
在线办事
双公示
公示查询
网上办事大厅
游戏游艺设备公示
互动交流
公众问答
意见征集
投诉建议
领导信箱
您现在将离开本网站跳转至
， 点击确定跳转。
确定
取消
首页
>
新闻中心
>
市县动态
应县持续推动文旅康养产业融合发展
时间：2025-10-30 09:00:26
来源：朔州日报
作者：
|
字体：
放大
正常
缩小
近年来，朔州市应县坚持以文塑旅、以旅彰文，结合美丽乡村建设、休闲农业、乡村振兴等要素，大力发展以农耕文化为魂、田园风光为韵、村落民宅为形、生态农业为本的优质乡村旅游，实现农业与文化、旅游、康养等产业深度融合。
科学谋篇布局，明确康养产业定位。下马峪乡立足
“红古绿白”四色资源禀赋，结合“五条旅游线路”全域规划，因地制宜开发文旅康养产业，形成集旅游服务中心，长城一号旅游公路农旅休闲带和南山康养旅游观光带，历史文化区、生态农业区",山西省文化和旅游厅
"太原入选“中国国际旅游影响力跃升15城”(
                                    10-29)",2025-10-02,http://wlt.shanxi.gov.cn/xwzx/sxdt/202510/t20251029_9984352.shtml,"无障碍浏览
切换到
繁体
机构设置
领导信息
机构职能
内设机构
派驻机构
厅属单位
新闻中心
文旅要闻
文旅信息
通知公告
市县动态
图片新闻
视频新闻
专题工作
政务公开
信息公开
法治建设
政策解读
财务工作
人事工作
公共服务
在线办事
双公示
公示查询
网上办事大厅
游戏游艺设备公示
互动交流
公众问答
意见征集
投诉建议
领导信箱
您现在将离开本网站跳转至
， 点击确定跳转。
确定
取消
首页
>
新闻中心
>
市县动态
太原入选“中国国际旅游影响力跃升15城”
时间：2025-10-29 09:07:36
来源：太原日报
作者：
|
字体：
放大
正常
缩小
近
日，
2025郑州国际旅游城市市长论坛在郑州开幕。其间，《中国国际旅游影响力跃升15城》报告发布，太原等城市名列其中。
中国旅游研究院发布的
“中国国际旅游影响力跃升15城”包括重庆、杭州、宁波、大连、济南、合肥、郑州、太原、沈阳、石家庄、呼和浩特、乌鲁木齐、银川、兰州、温州。课题组从国际游客的“行前—行中—行后”全旅程视角构建评估体系，对中国60个样本城市吸引国际游客到访的综合能力进行评估。此次发布的“跃升15",山西省文化和旅游厅
"山西省文化和旅游厅组织青年干部参加 ...(
                                    07-09)",2025-10,http://wlt.shanxi.gov.cn/xwzx/ztgz/djzl_8172/202507/t20250709_9911490.shtml,"无障碍浏览
切换到
繁体
机构设置
领导信息
机构职能
内设机构
派驻机构
厅属单位
新闻中心
文旅要闻
文旅信息
通知公告
市县动态
图片新闻
视频新闻
专题工作
政务公开
信息公开
法治建设
政策解读
财务工作
人事工作
公共服务
在线办事
双公示
公示查询
网上办事大厅
游戏游艺设备公示
互动交流
公众问答
意见征集
投诉建议
领导信箱
您现在将离开本网站跳转至
， 点击确定跳转。
确定
取消
首页
>
新闻中心
>
专题工作
>
党建专栏
深化生态环保实践   厚植生态文明担当
山西省文化和旅游厅组织青年干部参加
“绿色青春 共护黄河”志愿行实践教育活动
时间：2025-07-09 10:59:43
来源：厅机关党委
作者：
|
字体：
放大
正常
缩小
“推动山西沿黄地区在保护中开发、开发中保护”“让一泓清水入黄河”是习近平总书记对山西的殷殷嘱托。为深刻把握习近平生态文明思想核心要义，勇担“保护母亲河”使命，近期，我厅组织10余名青年干部赴永济市黄河河畔参加“绿色青春　共护黄河”志愿行实践教育活动。
活动中，实地学习了《黄河文化是中华民族的根和魂》《以高质量发展与高水平保护赋",山西省文化和旅游厅
"山西省文化和旅游厅活力亮相 省直机关...(
                                    07-09)",2025-10,http://wlt.shanxi.gov.cn/xwzx/ztgz/djzl_8172/202507/t20250709_9910981.shtml,"无障碍浏览
切换到
繁体
机构设置
领导信息
机构职能
内设机构
派驻机构
厅属单位
新闻中心
文旅要闻
文旅信息
通知公告
市县动态
图片新闻
视频新闻
专题工作
政务公开
信息公开
法治建设
政策解读
财务工作
人事工作
公共服务
在线办事
双公示
公示查询
网上办事大厅
游戏游艺设备公示
互动交流
公众问答
意见征集
投诉建议
领导信箱
您现在将离开本网站跳转至
， 点击确定跳转。
确定
取消
首页
>
新闻中心
>
专题工作
>
党建专栏
山西省文化和旅游厅活力亮相省直机关第二届
“全民健身进机关”系列活动
时间：2025-07-09 10:58:11
来源：厅机关党委
作者：
|
字体：
放大
正常
缩小
6月28日，伴随着夏日的蓬勃朝气，以“奋进新征程，运动促健康”为主题的山西省直机关干部职工第二届“全民健身进机关”系列活动在太原晋阳湖公园拉开帷幕。省文化和旅游厅机关工会积极组织干部职工参加活动。
在健步走活动中，文旅队伍精神抖擞地从庆典广场出发，沿着5公里环湖步道健步前行。大家步伐整齐，行进中相互交流感悟、分享趣事，展现出团结协作的良好氛围。在定向越野赛环节，参赛队伍争分",山西省文化和旅游厅
"山西省文化和旅游厅召开 深入贯彻中央...(
                                    04-29)",2025-10,http://wlt.shanxi.gov.cn/xwzx/ztgz/djzl_8172/202504/t20250429_9822772.shtml,"无障碍浏览
切换到
繁体
机构设置
领导信息
机构职能
内设机构
派驻机构
厅属单位
新闻中心
文旅要闻
文旅信息
通知公告
市县动态
图片新闻
视频新闻
专题工作
政务公开
信息公开
法治建设
政策解读
财务工作
人事工作
公共服务
在线办事
双公示
公示查询
网上办事大厅
游戏游艺设备公示
互动交流
公众问答
意见征集
投诉建议
领导信箱
您现在将离开本网站跳转至
， 点击确定跳转。
确定
取消
首页
>
新闻中心
>
专题工作
>
党建专栏
山西省文化和旅游厅召开 深入贯彻中央八项规定精神学习教育 年轻干部学习交流会
时间：2025-04-29 09:55:01
来源：厅机关党委
作者：
|
字体：
放大
正常
缩小
按照中央、省委关于深入贯彻中央八项规定精神学习教育部署要求，
4月27日，山西省文化和旅游厅召开深入贯彻中央八项规定精神学习教育年轻干部学习交流会
。
认真学习
领会了
习近平总书记关于加强党的作风建设的重要论述、中央八项规定及其实施细则精神，
传达学习了省委学习教育工作专班有关部署要求，通报了违反中央八项规定及其实施细则精神典型案例并
开展
廉政谈话
。
厅党组成",山西省文化和旅游厅
山西省文化和旅游厅办公室关于做好2026年山西省稀有剧种公益性演出承接院团申报工作的通知,2025-10-03,http://wlj.taiyuan.gov.cn/tzgg1/20251030/30264912.html,"无障碍通道
加入收藏
设为首页
首  页
政府信息公开
政务服务
文旅信息
互动交流
太原市文化和旅游局
>>政务网
>>信息网
首页 >
信息公开
通知公告 > 山西省文化和旅游厅办公室关于做好2026年山西省稀有剧种公益性演出承接院团申报工作的通知
山西省文化和旅游厅办公室关于做好2026年山西省稀有剧种公益性演出承接院团申报工作的通知
时间：
2025-10-30
来源：
厅艺术处
字号：[
大
中
小
]
山西省文化和旅游厅办公室关于做好2026年山西省稀有剧种公益性演出承接院团申报工作的通知.pdf
打印本页
返回顶部
主办单位：太原市文化和旅游局  承办单位：太原市文化馆（太原市文化旅游事业发展中心）  版权所有
网站地图
地址：太原市漪汾桥西望景路5号四层  邮编：030002
晋ICP备05003854号
访问统计,网站总访问量：
晋公网安备 14010902000005号  网站标识码：1401000010",太原市文化和旅游局
2025年全省文化和旅游市场综合执法能力提升培训班在汾阳召开,2025-10-03,http://wlj.taiyuan.gov.cn/wlzx1/20251030/30264913.html,"无障碍通道
加入收藏
设为首页
首  页
政府信息公开
政务服务
文旅信息
互动交流
太原市文化和旅游局
>>政务网
>>信息网
首页 >
信息公开
文旅资讯 > 2025年全省文化和旅游市场综合执法能力提升培训班在汾阳召开
2025年全省文化和旅游市场综合执法能力提升培训班在汾阳召开
时间：
2025-10-30
来源：
厅文化和旅游市场综合执法监督局
字号：[
大
中
小
]
为主动适应新时代综合行政执法工作新形势、新要求，切实提升执法人员法治素养与业务能力，规范执法行为、提高执法效能，省文旅厅10月20日至10月24日在吕梁市汾阳市贾家庄召开2025年全省文化和旅游市场综合执法能力提升培训班，全省各地市共计73名一线执法骨干参加。
本次培训班围绕执法工作中的“痛点”“难点”展开，聚焦于营业性演出监管要点、版权市场执法、文物市场执法、未成年人保护的行政处罚法律适用、旅游市场监管及投诉处理等执法要点，邀请了全国师资库优秀师资，北京、天津等地执法总队骨干，法学院讲师等对参训人员进行了针对性培训。
参训学员表示，本次培训内容　“接地气、贴实际”，既补足了法律知识短板，又提升了实战操作技能",太原市文化和旅游局
2025年10月美白精华产品：敏感 肌也能安心用的十款,2025-10-02,http://wlj.taiyuan.gov.cn/wlzx1/20251026/30264848.html,"无障碍通道
加入收藏
设为首页
首  页
政府信息公开
政务服务
文旅信息
互动交流
太原市文化和旅游局
>>政务网
>>信息网
首页 >
信息公开
文旅资讯 > 2025年10月美白精华产品：敏感 肌也能安心用的十款
2025年10月美白精华产品：敏感 肌也能安心用的十款
时间：
2025-10-26
来源：
市文旅局
字号：[
大
中
小
]
每年入秋后，紫外线强度虽有所下降，但夏季累积的黑色素仍在肌肤深层活跃，黄气、暗沉、色斑成为社交平台高频提问词。小红书“美白精华”相关笔记在2025年8月环比再涨27%，京东健康数据显示“提亮肤色”关键词搜索量连续三周占据护肤类目首位。国家药监局2025年7月发布的《化妆品美白功效管理公告》明确，只有取得美白特证并完成人体功效验证的产品方可宣称“美白”，政策收紧让消费者在选购时更关注“持证上岗”与“实测数据”。与此同时，敏感肌人群扩大至总体护肤用户的46%，“温和不刺激”与“看得见的光感”成为同一枚硬币的两面。面对货架上从百元到千元的各色小瓶，用户普遍痛点集中在：成分浓度是不是越高越好？多久能见效？会不会反黑？能否在熬夜、奶茶、空调多重夹击下依",太原市文化和旅游局
关于注销山西中旅假日易游旅游有限公司的公告,2025-10-03,http://wlj.taiyuan.gov.cn/tzgg1/20251030/30264777.html,"无障碍通道
加入收藏
设为首页
首  页
政府信息公开
政务服务
文旅信息
互动交流
太原市文化和旅游局
>>政务网
>>信息网
首页 >
信息公开
通知公告 > 关于注销山西中旅假日易游旅游有限公司的公告
关于注销山西中旅假日易游旅游有限公司的公告
时间：
2025-10-30
来源：
太原市文化和旅游局
字号：[
大
中
小
]
〔2025〕第18号
根据《中华人民共和国旅游法》、《旅行社条例》相关规定，太原市文化和旅游局决定注销山西中旅假日易游旅游有限公司《旅行社业务经营许可证》（许可证编号：
L-SX-TY058
）。
特此公告
太原市文化和旅游局
2025年10月30日
打印本页
返回顶部
主办单位：太原市文化和旅游局  承办单位：太原市文化馆（太原市文化旅游事业发展中心）  版权所有
网站地图
地址：太原市漪汾桥西望景路5号四层  邮编：030002
晋ICP备05003854号
访问统计,网站总访问量：
晋公网安备 14010902000005号  网站标识码：1401000010",太原市文化和旅游局
文化和旅游部办公厅关于举办第十五...,2025-10-02,http://wlj.taiyuan.gov.cn/tzgg1/20251029/30264667.html,"无障碍通道
加入收藏
设为首页
首  页
政府信息公开
政务服务
文旅信息
互动交流
太原市文化和旅游局
>>政务网
>>信息网
首页 >
信息公开
通知公告 > 文化和旅游部办公厅关于举办第十五届全国舞蹈展演的通知
文化和旅游部办公厅关于举办第十五届全国舞蹈展演的通知
时间：
2025-10-29
来源：
艺术司
字号：[
大
中
小
]
各省、自治区、直辖市文化和旅游厅（局），新疆生产建设兵团文化体育广电和旅游局，中国歌剧舞剧院、中国东方演艺集团、中央芭蕾舞团、中国煤矿文工团：
为推动优秀舞蹈作品和人才不断涌现，促进舞蹈艺术事业的繁荣发展，文化和旅游部、江苏省人民政府将共同举办第十五届全国舞蹈展演。现将有关事项通知如下：
一、组织机构
（一）主办单位：
文化和旅游部、江苏省人民政府
（二）承办单位：
文化和旅游部艺术司、江苏省文化和旅游厅、无锡市人民政府
（三）协办单位：
无锡市文化广电和旅游局
二、时间地点
（一）时间：
2025年12月
（二）地点：
江苏省无锡市
三、展演安排
（一）展演：
以剧场演出和线上展播相结合的方式，举办优秀舞蹈节目和舞剧、舞蹈诗展演。
（二）研讨：
",太原市文化和旅游局
山西省文化和旅游厅办公室关于公布...,2025-10-02,http://wlj.taiyuan.gov.cn/tzgg1/20251028/30264414.html,"无障碍通道
加入收藏
设为首页
首  页
政府信息公开
政务服务
文旅信息
互动交流
太原市文化和旅游局
>>政务网
>>信息网
首页 >
信息公开
通知公告 > 山西省文化和旅游厅办公室关于公布2025年度山西省优秀剧本扶持计划、舞台艺术优秀节目创作扶持计划及优秀文艺评论文章入选名单的通知
山西省文化和旅游厅办公室关于公布2025年度山西省优秀剧本扶持计划、舞台艺术优秀节目创作扶持计划及优秀文艺评论文章入选名单的通知
时间：
2025-10-28
来源：
厅艺术处
字号：[
大
中
小
]
山西省文化和旅游厅办公室关于公布2025年度山西省优秀剧本扶持计划、舞台艺术优秀节目创作扶持计划及优秀文艺评论文章入选名单的通知.pdf
打印本页
返回顶部
主办单位：太原市文化和旅游局  承办单位：太原市文化馆（太原市文化旅游事业发展中心）  版权所有
网站地图
地址：太原市漪汾桥西望景路5号四层  邮编：030002
晋ICP备05003854号
访问统计,网站总访问量：
晋公网安备 14010902000005号  网站标识码：1401000010",太原市文化和旅游局
文化和旅游部关于许可旅行社经营出...,2025-10-02,http://wlj.taiyuan.gov.cn/tzgg1/20251027/30264214.html,"无障碍通道
加入收藏
设为首页
首  页
政府信息公开
政务服务
文旅信息
互动交流
太原市文化和旅游局
>>政务网
>>信息网
首页 >
信息公开
通知公告 > 文化和旅游部关于许可旅行社经营出境旅游业务的公告（2025年第十批）
文化和旅游部关于许可旅行社经营出境旅游业务的公告（2025年第十批）
时间：
2025-10-27
来源：
市场管理司
字号：[
大
中
小
]
根据《旅行社条例》和《中国公民出国旅游管理办法》等相关规定，许可以下旅行社经营出境旅游业务：
特此公告。
文化和旅游部
2025年10月24日
附件：
打印本页
返回顶部
主办单位：太原市文化和旅游局  承办单位：太原市文化馆（太原市文化旅游事业发展中心）  版权所有
网站地图
地址：太原市漪汾桥西望景路5号四层  邮编：030002
晋ICP备05003854号
访问统计,网站总访问量：
晋公网安备 14010902000005号  网站标识码：1401000010",太原市文化和旅游局
关于第二批全国旅游演艺精品名录拟...,2025-10-02,http://wlj.taiyuan.gov.cn/tzgg1/20251027/30264125.html,"无障碍通道
加入收藏
设为首页
首  页
政府信息公开
政务服务
文旅信息
互动交流
太原市文化和旅游局
>>政务网
>>信息网
首页 >
信息公开
通知公告 > 关于第二批全国旅游演艺精品名录拟入选项目名单的公示
关于第二批全国旅游演艺精品名录拟入选项目名单的公示
时间：
2025-10-27
来源：
产业发展司
字号：[
大
中
小
]
根据《文化和旅游部办公厅关于开展第二批全国旅游演艺精品名录申报工作的通知》，文化和旅游部产业发展司在各省级文化和旅游行政部门、有关中央企业推荐的申报项目基础上，经专家评审等工作程序，确定了30个第二批全国旅游演艺精品名录拟入选项目（名单见附件），现予以公示。
公示期为5个工作日（自公示之日起计算）。公示期内，对公示名单有异议的单位和个人，可通过传真、电子邮件等形式向文化和旅游部产业发展司书面反映。反映情况须实事求是，并提供所反映问题的佐证材料。以单位名义反映的，应加盖单位公章并提供联系人及联系方式；以个人名义反映的，应署真实姓名、工作（学习）单位、通讯地址及联系方式，以便了解核实有关情况。
传真：010-59881424
电子邮箱：cycjc201",太原市文化和旅游局
山西省文化和旅游厅办公室关于推荐...,2025-10-02,http://wlj.taiyuan.gov.cn/tzgg1/20251021/30263016.html,"无障碍通道
加入收藏
设为首页
首  页
政府信息公开
政务服务
文旅信息
互动交流
太原市文化和旅游局
>>政务网
>>信息网
首页 >
信息公开
通知公告 > 山西省文化和旅游厅办公室关于推荐山西省工艺美术专家库专家相关工作的通知
山西省文化和旅游厅办公室关于推荐山西省工艺美术专家库专家相关工作的通知
时间：
2025-10-21
来源：
厅产业发展处
字号：[
大
中
小
]
山西省文化和旅游厅办公室关于推荐山西省工艺美术专家库专家相关工作的通知.pdf
山西省工艺美术专家申报表.wps
山西省工艺美术专家推荐汇总表.wps
政策解读：
https://wlt.shanxi.gov.cn/zwgk/zcjd/202510/t20251021_9979750.shtml
打印本页
返回顶部
主办单位：太原市文化和旅游局  承办单位：太原市文化馆（太原市文化旅游事业发展中心）  版权所有
网站地图
地址：太原市漪汾桥西望景路5号四层  邮编：030002
晋ICP备05003854号
访问统计,网站总访问量：
晋公网安备 14010902000005号  网站标识码：14010000",太原市文化和旅游局
2025年前三季度国内旅游市场数据情况,2025-10-02,http://wlj.taiyuan.gov.cn/tzgg1/20251021/30263106.html,"无障碍通道
加入收藏
设为首页
首  页
政府信息公开
政务服务
文旅信息
互动交流
太原市文化和旅游局
>>政务网
>>信息网
首页 >
信息公开
通知公告 > 2025年前三季度国内旅游市场数据情况
2025年前三季度国内旅游市场数据情况
时间：
2025-10-21
来源：
财务司
字号：[
大
中
小
]
根据国内居民出游抽样调查统计结果，
2025年前三季度，国内居民出游人次49.98亿，比上年同期增加7.61亿，同比增长18.0%。其中，城镇居民国内出游人次37.89亿，同比增长15.9%；农村居民国内出游人次12.09亿，同比增长25.0%。
2025年前三季度，国内居民出游花费4.85万亿元，比上年同期增加0.50万亿元，同比增长11.5%。其中，城镇居民出游花费4.05万亿元，同比增长9.3%；农村居民出游花费0.80万亿元，同比增长24.0%。
附件：
打印本页
返回顶部
主办单位：太原市文化和旅游局  承办单位：太原市文化馆（太原市文化旅游事业发展中心）  版权所有
网站地图
地址：太原市漪汾桥西望景路5号四层  邮编：030002
晋ICP备05003854号
",太原市文化和旅游局
A级旅游景区管理系统,2025-10,http://jq.mct.gov.cn/,内容获取失败,太原市文化和旅游局
山西省旅游数字化统计系统,2025-10,http://183.201.254.62:8003/tourism/logon.do,"山西省旅游数字化统计系统
V2018
帐号登录
证书登录
帐号：
密码：
验证码：
请插入CA证书
PIN码：
验证码：
帮助
推荐使用IE8或以上版本访问
操作手册
在线预览
|
点击下载",太原市文化和旅游局
旅游服务质量保证金存款协议书,2025-10,http://wlj.taiyuan.gov.cn/bsdt/20250820/1213990.html,"无障碍通道
加入收藏
设为首页
首  页
政府信息公开
政务服务
文旅信息
互动交流
太原市文化和旅游局
>>政务网
>>信息网
首页 >
信息公开
办事大厅 > 旅游服务质量保证金存款协议书
旅游服务质量保证金存款协议书
时间：
2025-08-20
来源：
市文化和旅游局
字号：[
大
中
小
]
附件下载：
旅游服务质量保证金存款协议书.doc
打印本页
返回顶部
主办单位：太原市文化和旅游局  承办单位：太原市文化馆（太原市文化旅游事业发展中心）  版权所有
网站地图
地址：太原市漪汾桥西望景路5号四层  邮编：030002
晋ICP备05003854号
访问统计,网站总访问量：
晋公网安备 14010902000005号  网站标识码：1401000010",太原市文化和旅游局
“大同范”是怎样炼成的？——解析山西大同市文旅热的流量密码,2025-10-02,http://www.sx.xinhuanet.com/20251028/aec73b8a275745d8a3fcdf0966f33677/c.html,"新华网
> 正文
2025
10
/
28
17:46:43
来源：新华网
“大同范”是怎样炼成的？——解析山西大同市文旅热的流量密码
字体：
小
中
大
分享到：
“大同范”是怎样炼成的？——解析山西大同市文旅热的流量密码
2025-10-28 17:46:43
来源：新华网
新华网太原10月28日电（王浩庆、蒲思静）提到山西省大同市，你会如何形容？在社交平台上搜索“大同”，既有市井烟火、俗世奇人，又有高端民宿、时髦街区，也有古朴城垣、人文情怀。
文旅江湖风云变幻，大同却“火得持久”。今年国庆中秋假期，大同市省外游客接待量创新高，人均停留时长由过去的0.9天跃至3.3天。“艺术范”“时尚范”成为大同市的热搜词条。
文旅融合的“大同范”究竟如何炼成？大同市如何优化服务、丰富供给、创新业态，文旅出圈的流量密码在哪？大同市的古城、街巷、民宿里，各有答案，却殊途同归。
服务走心：在关键小事中传递城市温度
大同古城墙下，北京游客李先生将烟头仔细装入特制的灭烟袋。“这个小袋子很实用，既环保又方便。”在他看来，一个灭烟袋，折射的是一座城市的用心。
漫步文瀛湖景区，沐浴午后暖阳的游客正在智慧座椅旁给",新华网
“游戏+古建”双IP融合！「黑神话：悟空」遇见山西展即将亮相,2025-10-02,http://www.sx.xinhuanet.com/20251026/8c1256e9270c4801baa02c126a8da05a/c.html,"新华网
> 正文
2025
10
/
26
16:20:22
来源：新华网
探馆Vlog｜“游戏+古建”双IP融合！「黑神话：悟空」遇见山西展即将亮相太原古县城
字体：
小
中
大
分享到：
探馆Vlog｜“游戏+古建”双IP融合！「黑神话：悟空」遇见山西展即将亮相太原古县城
2025-10-26 16:20:22
来源：新华网
近日，由游戏科学官方授权的「黑神话：悟空」遇见山西——古建数字艺术展正式官宣，将于11月1日起在太原古县城与各位“天命人”见面。这是一个什么展？有何亮点？第一波探馆来了，超多内容先睹为快。
长按图片识别二维码可预约观展。
【纠错】
【责任编辑:赵睿】
阅读下一篇：
探馆Vlog｜“游戏+古建”双IP融合！「黑神话：悟空」遇见山西展即将亮相太原古县城",新华网
在「黑神话：悟空」遇见山西展，坠入悬塑“万花筒”,2025-10-02,http://www.sx.xinhuanet.com/20251026/617996e109174db28e18edacb31bc6dc/c.html,"新华网
> 正文
2025
10
/
26
16:19:18
来源：新华网
在「黑神话：悟空」遇见山西展，坠入悬塑“万花筒”
字体：
小
中
大
分享到：
在「黑神话：悟空」遇见山西展，坠入悬塑“万花筒”
2025-10-26 16:19:18
来源：新华网
还记得游戏《黑神话：悟空》中“既见未来，为何不拜”的名场面吗？此场面正是取景于山西临汾隰县小西天。隰县小西天原名“千佛庵”，因悬塑之多、之美名扬海内外。
由游戏科学官方授权的「黑神话：悟空」遇见山西——古建数字艺术展将于11月1日起在太原古县城正式对公众开放。展馆首次将数字幻想世界与真实古建场景深度融合，备受关注。
据介绍，在小西天的展示空间中，策展人员利用光影与四周的镜面共同构成一个悬塑“万花筒”，再现了小西天大雄宝殿的千佛悬塑。
创意从何而来？有何难点？随新华网一起走进幕后，了解更多创作故事。
长按图片识别二维码可预约观展。
【纠错】
【责任编辑:王梦佳】
阅读下一篇：
在「黑神话：悟空」遇见山西展，坠入悬塑“万花筒”",新华网
读懂山西——远不止一面精彩,2025-10-03,http://www.sx.xinhuanet.com/20251030/826174e814bf41b4af0e554ffa665325/c.html,"新华网
> 正文
2025
10
/
30
21:20:03
来源：新华社客户端
读懂山西——远不止一面精彩
字体：
小
中
大
分享到：
读懂山西——远不止一面精彩
2025-10-30 21:20:03
来源：新华社客户端
【纠错】
【责任编辑:王亮】
阅读下一篇：
读懂山西——远不止一面精彩",新华网
在「黑神话：悟空」遇见山西展，遇见会呼吸的泥塑,2025-10-03,http://www.sx.xinhuanet.com/20251030/6f07b5878dcd4b46bad4bc4c61e20cb0/c.html,"新华网
> 正文
2025
10
/
30
18:58:21
来源：新华网
在「黑神话：悟空」遇见山西展，遇见会呼吸的泥塑
字体：
小
中
大
分享到：
在「黑神话：悟空」遇见山西展，遇见会呼吸的泥塑
2025-10-30 18:58:21
来源：新华网
山西晋城玉皇庙是全国重点文物保护单位，也是游戏《黑神话：悟空》的重要取景地之一。这里的众多彩塑与天象有关，堪称中国古代彩塑版的“天文馆”，其中最精彩的属二十八星宿彩塑，至少已有700年的历史。
由游戏科学官方授权的「黑神话：悟空」遇见山西——古建数字艺术展将于11月1日起在太原古县城正式对公众开放。据悉，展馆特别邀请山西省工艺美术协会会员李源潮，沿袭传统泥塑工艺、等比例复原七尊玉皇庙二十八星宿彩塑。随新华网一起走进幕后，遇见会呼吸的泥塑、遇见有生命力的星宿，感受匠心传承。
长按图片识别二维码可预约观展。
【纠错】
【责任编辑:王亮】
阅读下一篇：
在「黑神话：悟空」遇见山西展，遇见会呼吸的泥塑",新华网
倒计时2天！「黑神话：悟空」遇见山西展即将面向公众开放,2025-10-03,http://www.sx.xinhuanet.com/20251030/4dee66e1ea6b49499f707b86751151cc/c.html,"新华网
> 正文
2025
10
/
30
18:57:58
来源：新华网
倒计时2天！「黑神话：悟空」遇见山西展即将面向公众开放
字体：
小
中
大
分享到：
倒计时2天！「黑神话：悟空」遇见山西展即将面向公众开放
2025-10-30 18:57:58
来源：新华网
「黑神话：悟空」遇见山西
——古建数字艺术展
即将在山西太原
正式与各位“天命人”见面
展览以《黑神话：悟空》为引
首次将数字幻想世界与真实古建场景深度融合
跟着“NPC八戒”
一起走进“游戏视角”中山西古建的真实世界
11月1日，不见不散
【纠错】
【责任编辑:王亮】
阅读下一篇：
倒计时2天！「黑神话：悟空」遇见山西展即将面向公众开放",新华网
在「黑神话：悟空」遇见山西展，“闪现”游戏世界,2025-10-03,http://www.sx.xinhuanet.com/20251030/df7ea65a00b94971bddbd033af975992/c.html,"新华网
> 正文
2025
10
/
30
18:36:27
来源：新华网
在「黑神话：悟空」遇见山西展，“闪现”游戏世界
字体：
小
中
大
分享到：
在「黑神话：悟空」遇见山西展，“闪现”游戏世界
2025-10-30 18:36:27
来源：新华网
由游戏科学官方授权的「黑神话：悟空」遇见山西——古建数字艺术展将于11月1日起在太原古县城正式对公众开放。
展览以游戏《黑神话：悟空》为引，首次将数字幻想世界与真实古建场景深度融合，生动还原了多处游戏中的经典场景。据展览置景组介绍，展馆中的地面、山体、苔藓、凉亭、树干等置景设计，均力求还原，让参观者身临其境，仿佛置身游戏世界。
长按图片识别二维码可预约观展。
【纠错】
【责任编辑:王亮】
阅读下一篇：
在「黑神话：悟空」遇见山西展，“闪现”游戏世界",新华网
“数”说2025年山西省文旅发展主题推介活动,2025-10-02,http://www.sx.xinhuanet.com/20251029/f73bc2fbc6054338bceefc5a0e37e776/c.html,"新华网
> 正文
2025
10
/
29
20:44:43
来源：新华网
“数”说2025年山西省文旅发展主题推介活动
字体：
小
中
大
分享到：
“数”说2025年山西省文旅发展主题推介活动
2025-10-29 20:44:43
来源：新华网
山河之上，是生活，是风景，更是触手可及的诗与远方。“数”说山西文旅的蓬勃生机，感受三晋大地的厚重与鲜活。
2天盛会，链接世界：2025年山西省文旅发展主题推介活动历时两天，汇聚全球嘉宾，共谋文旅发展。
9条线路，畅游晋城：晋城发布9条精品旅游线路，明清古堡穿越之旅、太行奇观打卡线、特色小镇游、亲子田园游、红色研学游、民俗非遗体验游、康养休闲游、科技+自驾小众线、四季风光自驾线，总有一种风景能留住你，欢迎来晋城开启你的专属旅程！
531处国保，一眼千年：山西拥有全国重点文物保护单位531处，被誉为“大地上的博物馆”。
186处古村落，留住乡愁：晋城有186处中国传统古村落，让游客感受传统生活。
117座城堡，巍巍太行：晋城是明清古城堡资源富集地，117座古城堡融居住与军事功能于一体，在这里，历史触手可及。
460+种文创，玩转非遗：潞绸、铁",新华网
媒体系统性变革如何赋能城市文旅长效破圈？张志安教授在晋城现场会提出关键路径,2025-10-02,http://www.sx.xinhuanet.com/20251026/1dcdb0d6d7d3486d9aac49860e68862e/c.html,"新华网
> 正文
2025
10
/
26
22:41:59
来源：新华网
媒体系统性变革如何赋能城市文旅长效破圈？张志安教授在晋城现场会提出关键路径
字体：
小
中
大
分享到：
媒体系统性变革如何赋能城市文旅长效破圈？张志安教授在晋城现场会提出关键路径
2025-10-26 22:41:59
来源：新华网
在2025媒体融合发展年会晋城现场会上，复旦大学新闻学院教授、复旦大学全球传播全媒体研究院副院长张志安以《媒体系统性变革如何赋能城市文旅长效破圈》为题发表主旨演讲。
围绕媒体如何赋能城市文旅发展，张志安提出“场景刷屏+情感连接+持续价值”的破圈公式：一是“挖掘培育+资源连接”。媒体需要深度理解并整合城市文化资源，提炼具有识别度的城市符号；二是“智库参谋+创意设计”。媒体应充分发挥智库功能，参与城市超级符号的创意设计与传播策略制定，为文旅品牌注入专业智慧；三是“文化混搭+场景开发”。将传统文化与青年文化、数字文化进行创造性融合，通过可体验的新场景，完成与公众的情感连接与传播实践；四是“流量获取+多重变现”。媒体可通过设立内容工作室、策划热点传播、推动IP产业化等方式，实现从内容破圈",新华网
山西省政府党组召开会议,2025-10-01,http://www.sx.xinhuanet.com/20251013/11c27d42905b4319abea05e572364b8b/c.html,"新华网
> 正文
2025
10
/
13
15:03:35
来源：山西日报
山西省政府党组召开会议
字体：
小
中
大
分享到：
山西省政府党组召开会议
2025-10-13 15:03:35
来源：山西日报
原标题：省政府党组召开会议
坚决拥护党中央对金湘军的处分决定
卢东亮主持
10月11日，省政府党组召开会议，通报中央纪委国家监委关于给予金湘军开除党籍、开除公职处分的决定。省长、省政府党组书记卢东亮主持会议。
会议指出，党中央决定给予金湘军开除党籍、开除公职处分，充分体现了以习近平同志为核心的党中央一以贯之推进全面从严治党的坚定决心和坚强意志。省政府党组坚决拥护党中央决定，坚决拥护中央纪委国家监委决定，切实把思想和行动统一到党中央决定精神上来，坚持不懈用习近平新时代中国特色社会主义思想凝心铸魂，坚定扛牢习近平总书记赋予山西的重大使命任务，进一步加强党性修养，严守政治纪律和政治规矩，严格执行中央八项规定及其实施细则精神，认真履行“一岗双责”，深入推进政府系统党风廉政建设和反腐败斗争，全力以赴完成全年目标任务，以实际行动坚定拥护“两个确立”、坚决做到“两个维护”。（记者杨文俊）
【",新华网
山西省委常委会召开会议,2025-10-01,http://www.sx.xinhuanet.com/20251013/cbb6a348cd394b839321c0c07a874769/c.html,"新华网
> 正文
2025
10
/
13
08:59:23
来源：山西日报
山西省委常委会召开会议
字体：
小
中
大
分享到：
山西省委常委会召开会议
2025-10-13 08:59:23
来源：山西日报
原标题：省委常委会召开会议
坚决拥护党中央对金湘军的处分决定
省委书记唐登杰主持会议
10月11日，省委常委会召开会议，通报中央纪委国家监委关于给予金湘军开除党籍 、开除公职处分的决定。与会同志一致表示，坚决拥护党中央决定，坚决拥护中央纪委国家监委决定。省委书记唐登杰主持会议。
会议指出，党中央决定给予金湘军开除党籍、开除公职处分，充分彰显了以习近平同志为核心的党中央一以贯之推进全面从严治党、将反腐败斗争进行到底的坚定决心，充分体现了我们党有腐必反、有贪必肃的鲜明态度，再次释放了反腐败斗争无禁区、全覆盖、零容忍的强烈信号。省委坚决拥护。全省广大党员干部特别是领导干部要切实把思想和行动统一到党中央决定精神上来，不折不扣贯彻落实党中央重大决策部署，以实际行动坚定拥护“两个确立”、坚决做到“两个维护”。要坚持以案为鉴、警钟长鸣，不断增强政治定力、纪律定力、道德定力、抵腐定力，筑牢拒腐",新华网
山西省机关事务管理局原二级巡视员祁晓虎接受纪律审查和监察调查,2025-10-02,http://www.sx.xinhuanet.com/20251020/86b1a64e0c0e4b66a57e77c809a527e9/c.html,"新华网
> 正文
2025
10
/
20
14:33:31
来源：新华网
山西省机关事务管理局原二级巡视员祁晓虎接受纪律审查和监察调查
字体：
小
中
大
分享到：
山西省机关事务管理局原二级巡视员祁晓虎接受纪律审查和监察调查
2025-10-20 14:33:31
来源：新华网
新华社太原10月19日电 山西省纪委监委19日发布消息，山西省机关事务管理局原二级巡视员祁晓虎涉嫌严重违纪违法，目前正接受山西省纪委监委纪律审查和监察调查。（完）
【纠错】
【责任编辑:王梦佳】
阅读下一篇：
山西省机关事务管理局原二级巡视员祁晓虎接受纪律审查和监察调查",新华网
山西省太忻经济一体化发展促进中心原副主任杨俊民被开除党籍和公职,2025-10-01,http://www.sx.xinhuanet.com/20251019/13ba23558c0c4360b5e6ae6128524d23/c.html,"新华网
> 正文
2025
10
/
19
09:33:52
来源：山西省纪委监委网站
山西省太忻经济一体化发展促进中心原副主任杨俊民被开除党籍和公职
字体：
小
中
大
分享到：
山西省太忻经济一体化发展促进中心原副主任杨俊民被开除党籍和公职
2025-10-19 09:33:52
来源：山西省纪委监委网站
原标题：山西省太忻经济一体化发展促进中心原副主任杨俊民被开除党籍和公职
日前，经省委批准，省纪委监委对山西省太忻经济一体化发展促进中心原副主任杨俊民严重违纪违法问题进行了立案审查调查。
经查，杨俊民丧失党性原则，背弃初心使命，对抗组织审查；无视中央八项规定精神，收受礼品、礼金、消费卡；违背组织原则，不按规定报告个人有关事项，在职务调整中为他人谋取利益并收受财物；利用职务便利，为他人在工程承揽等方面谋利，并非法收受巨额财物。
杨俊民严重违反党的政治纪律、组织纪律和廉洁纪律，构成严重职务违法并涉嫌受贿犯罪，且在党的十八大后不收敛、不收手，性质严重，影响恶劣，应予严肃处理。依据《中国共产党纪律处分条例》《中华人民共和国监察法》《中华人民共和国公职人员政务处分法》等有关规定，经省纪委常委",新华网
中共山西省委组织部公示,2025-10-01,http://www.sx.xinhuanet.com/20251016/fa425e8f5d844f9b85db050da81d2421/c.html,"新华网
> 正文
2025
10
/
16
19:29:36
来源：山西组工
中共山西省委组织部公示
字体：
小
中
大
分享到：
中共山西省委组织部公示
2025-10-16 19:29:36
来源：山西组工
现对省委研究拟任职干部予以公示。
宋海兵，男，汉族，1972年9月生，大学，中共党员，现任省委社会工作部副部长，拟任省直单位正职。
李颖耀，男，汉族，1972年10月生，大学，中共党员，现任山西银行党委副书记、副董事长、行长，拟进一步使用。
王小明，男，汉族，1972年11月生，中央党校研究生，中共党员，现任岚县县委副书记、县长、一级调研员，拟任县（市、区）委书记。
王拥国，男，汉族，1974年8月生，省委党校研究生，中共党员，现任盂县县委副书记、县长、一级调研员，拟任县（市、区）委书记。
尹明星，男，汉族，1974年6月生，大学，中共党员，现任侯马市委副书记、市长、一级调研员，拟任县（市、区）委书记。
余　敏，男，汉族，1976年10月生，中央党校研究生，中共党员，现任芮城县委副书记、县长、一级调研员，拟任县（市、区）委书记。
公示时间：从2025年10月17日至2025年1",新华网
中国人民政治协商会议第十三届山西省委员会常务委员会关于曹亮等同志职务任免的决定,2025-10-01,http://www.sx.xinhuanet.com/20251012/635492348c97449686428cec3db28323/c.html,"新华网
> 正文
2025
10
/
12
08:47:40
来源：山西日报
中国人民政治协商会议第十三届山西省委员会常务委员会关于曹亮等同志职务任免的决定
字体：
小
中
大
分享到：
中国人民政治协商会议第十三届山西省委员会常务委员会关于曹亮等同志职务任免的决定
2025-10-12 08:47:40
来源：山西日报
原标题：中国人民政治协商会议第十三届山西省委员会常务委员会关于曹亮等同志职务任免的决定
（2025年10月11日政协第十三届山西省委员会常务委员会第十五次会议通过）
中国人民政治协商会议第十三届山西省委员会常务委员会第十五次会议决定：
曹亮同志任省政协副秘书长；
乔桂香同志任省政协提案委员会副主任；
成晓龙同志任省政协教科卫体委员会副主任。
免去曹亮同志的省政协经济委员会副主任职务。
【纠错】
【责任编辑:赵睿】
阅读下一篇：
中国人民政治协商会议第十三届山西省委员会常务委员会关于曹亮等同志职务任免的决定",新华网
非遗品牌焕新计划启幕 以文化为桥促中外经贸文旅深度融合,2025-10,http://www.news.cn/travel/20251030/5730044d93c8404784d9a967e3c4b088/c.html,内容获取失败,新华网
华服“舞动”中原 激活文旅融合新动力,2025-10,http://www.news.cn/travel/20251029/ead6fd1861a541228903c052235473e8/c.html,内容获取失败,新华网
文旅新探|千泉竞涌，在济南与泉不期而遇,2025-10,http://www.news.cn/travel/20251024/dbf08f6b5eb44f35829f7c8d7a22961f/c.html,内容获取失败,新华网
为涪陵“上大分”！文旅主任有话说,2025-10,http://www.news.cn/travel/20240529/0de2d4cb6f8544cc9d90c1e09ba9f9af/c.html,内容获取失败,新华网
为本溪“上大分”！文旅局长有话说,2025-10,http://www.news.cn/travel/20240524/ce945b3fce4b415e88e9dfbb01de7cb3/c.html,内容获取失败,新华网
看见2024｜全国工商联旅游业商会会长吉小冬：文娱旅游将引领旅游消费新风尚,2025-10,http://www.news.cn/travel/20240301/b630a80470fd4633a95f90dd084f3a3d/c.html,内容获取失败,新华网
山西文旅康养集团召开10月份安全生产工作例会,2025-10,https://weixin.sogou.com/link?url=dn9a_-gY295K0Rci_xozVXfdMkSQTLW6cwJThYulHEtVjXrGTiVgS8Yb2aZgmg8WIm9-9jK3N9zMFPaYgvCOWVqXa8Fplpd9a3q5t2OgQ3aIa0tBQwXrY8P9KibRxbjK8MGRI2ufNRohKT6aMB3ztxgIGCBmGD90YhWW9cDpR1TBskyVMbS68cnFGPEzPqqCqVLoi2WnWydsWYf2KoCXnLVBgoUqHUSZ1djK0blNQ_4EfZJXwbkNTqh_4ExCMwKAV_xuz5IIcc3drgozfSg6bw..&type=2&query=%E5%B1%B1%E8%A5%BF%E6%96%87%E6%97%85 10%E6%9C%88&token=D11B90492EAAA1C1B0B6F2CEC3DDF4E8B0541E9A69037C1A,"10月28日,山西文旅康养集团召开10月份安全生产工作例会,康养集团副总经理马伯群对下阶段安全生产工作作出安排部署,会议还...",微信公众号
10月7日山西文旅年卡最新消息:山西文旅年卡价格、使用流程及预约方式,2025-10-07,https://weixin.sogou.com/link?url=dn9a_-gY295K0Rci_xozVXfdMkSQTLW6cwJThYulHEtVjXrGTiVgS8Yb2aZgmg8WIm9-9jK3N9zMFPaYgvCOWVqXa8Fplpd9ut0AMjml7sU0pXoUqIGM2jVOCE_BZMeT3EUSjAD55FNaomGjA10aOCZr9RTdlRbfZ2Mw0y0gwa3KS8kN0FaBOVMzp7uDvbykvRQMToq0pSZ39YXxpmy7vHzLl4AAc7Rv57jZv5ITmLb0izhc-VUlhnkZ16k7K0eB-dsECn4CVx_s46dn8Efgxg..&type=2&query=%E5%B1%B1%E8%A5%BF%E6%96%87%E6%97%85 10%E6%9C%88&token=D11B90492EAAA1C1B0B6F2CEC3DDF4E8B0541E9A69037C1A,【山西文旅年卡10月7日快讯】为什么说山西文旅年卡优惠力度惊人?我们来算一笔账:年卡通常包含几十家甚至上百家山西的顶级景...,微信公众号
10月29日山西文旅年卡最新消息:山西文旅年卡价格、办理、激活、景点及亮点,2025-10,https://weixin.sogou.com/link?url=dn9a_-gY295K0Rci_xozVXfdMkSQTLW6cwJThYulHEtVjXrGTiVgS8Yb2aZgmg8WIm9-9jK3N9zMFPaYgvCOWVqXa8Fplpd9ut0AMjml7sU0pXoUqIGM2jVOCE_BZMeT3EUSjAD55FNaomGjA10aOIw9ZP79yTse6swRpu1OKqWfXCwAtQzFRfzDOEUZDzV8M9SZKQ5A4oEjuitXwlwYdBIBcBTE_PoEWNRe4zo01yXO7_uAYMhvLZEdm-4lrZsJo3S75HhfSi-E8RsmObDbtQ..&type=2&query=%E5%B1%B1%E8%A5%BF%E6%96%87%E6%97%85 10%E6%9C%88&token=D11B90492EAAA1C1B0B6F2CEC3DDF4E8B0541E9A69037C1A,"【山西文旅年卡10月29日快讯】对于游客最关心的 “2026山西文旅年卡价格”,今年的定价十分亲民,单人年卡价格仅需258元.要...",微信公众号
山西文旅年卡多少钱?10月卡办理入口及包含景点全攻略,2025-10-05,https://weixin.sogou.com/link?url=dn9a_-gY295K0Rci_xozVXfdMkSQTLW6cwJThYulHEtVjXrGTiVgS8Yb2aZgmg8WIm9-9jK3N9zMFPaYgvCOWVqXa8Fplpd9E7izaEnz6B29eBbl3WU00WVp8YRr0sQVxjkI6X1j1V2-j5jQJEWaNARF8skdkl3D2IhkTcwvdl7S7Zq2Rh6mylkla08ZdYvbKMoxUSS07PgVmHOD92SXhLFyge_-HRfgo2Mvpx4e83hQlII8DvgKPSGSNXjW2OQBtJ1MAJa6WQwYJSSFPgfogQ..&type=2&query=%E5%B1%B1%E8%A5%BF%E6%96%87%E6%97%85 10%E6%9C%88&token=D11B90492EAAA1C1B0B6F2CEC3DDF4E8B0541E9A69037C1A,"【山西文旅年卡10月5日快讯】“表里山河” 山西的人文底蕴与自然奇景,如今一张年卡即可轻松拥有.2025年山西文旅年卡以258元...",微信公众号
山西文旅晋中汇诚公司召开10月重点工作推进会,2025-10,https://weixin.sogou.com/link?url=dn9a_-gY295K0Rci_xozVXfdMkSQTLW6cwJThYulHEtVjXrGTiVgS8Yb2aZgmg8WIm9-9jK3N9zMFPaYgvCOWVqXa8Fplpd9Bu-vMD393hy6PNAJHcfdE7bHmS_7bsk25D5ol_z6Qm2oYmD2qkAs7nwwaIJNi8uz8fm_03FbYfi6BbijdO38GyiPsHyLpiq9KGxenedj2MfXKpnUVj_H06l8VZOPGZQCOhUGyUkZTvzgTi8T8aV9dyN9mj0G70Mgf2ry9QycYV-54z_tGSZTqA..&type=2&query=%E5%B1%B1%E8%A5%BF%E6%96%87%E6%97%85 10%E6%9C%88&token=D11B90492EAAA1C1B0B6F2CEC3DDF4E8B0541E9A69037C1A,"10月12日,山西文旅晋中汇诚公司召开10月重点工作推进会.文旅集团党委常委、副总经理,晋中汇诚公司党委书记、董事长刘娟主...",微信公众号
10月山西文旅年卡怎么办理?山西旅游年卡官方入口及使用流程详解,2025-10-02,https://weixin.sogou.com/link?url=dn9a_-gY295K0Rci_xozVXfdMkSQTLW6cwJThYulHEtVjXrGTiVgS8Yb2aZgmg8WIm9-9jK3N9zMFPaYgvCOWVqXa8Fplpd9E7izaEnz6B29eBbl3WU00WVp8YRr0sQVxjkI6X1j1V2-j5jQJEWaNNZGzhuTMCTlenH1aIQx10_cdaYgmjGUJ8atwVX0WM3fZzZQtfQ7a1EhHeDE5oWh0pYdqcZAK2i1I0l6vjyWY7dWb0CIOo16JrAWN6NStACKA5hAKvriJjZAe0f8bRARvQ..&type=2&query=%E5%B1%B1%E8%A5%BF%E6%96%87%E6%97%85 10%E6%9C%88&token=D11B90492EAAA1C1B0B6F2CEC3DDF4E8B0541E9A69037C1A,"【山西文旅年卡10月2日快讯】随着2025年山西文旅市场的全面升温,山西文旅年卡迎来了全新升级.这张仅售258元的小卡片,实则...",微信公众号
山西文旅资讯榜第274期(2025.10.19-2025.10.25),2025-10-01,https://weixin.sogou.com/link?url=dn9a_-gY295K0Rci_xozVXfdMkSQTLW6cwJThYulHEtVjXrGTiVgS8Yb2aZgmg8WIm9-9jK3N9zMFPaYgvCOWVqXa8Fplpd9JY4phS8HLuI-dSeCy0qr3Xbh9drnQWmUOFGzAjKF3na5u2aooai4EDhSVXU5fSJh_czPWYhr20-BmWkvLklozZDobcd4tuv3QJ9evs__YUT2QwHr2cNpLw19NGl0OZfJgRWOjPU19W-IAEei503L0BceVSx7mtm01XBqe7ULkMnI3OTRHYU2og..&type=2&query=%E5%B1%B1%E8%A5%BF%E6%96%87%E6%97%85 10%E6%9C%88&token=D11B90492EAAA1C1B0B6F2CEC3DDF4E8B0541E9A69037C1A,"(2025年10月23日 | 来源:中央广播电视总台《廉政中国》山西频道)借电影IP宣推山西文旅的生动实践近日,省文旅厅与《浪浪山小...",微信公众号
基层动态 |山西文旅国有资产公司召开十月诉讼专项会,2025-10,https://weixin.sogou.com/link?url=dn9a_-gY295K0Rci_xozVXfdMkSQTLW6cwJThYulHEtVjXrGTiVgS8Yb2aZgmg8WIm9-9jK3N9zMFPaYgvCOWVqXa8Fplpd9-RA_H7JlRj5JkHqD-H00ttW6b8e3wiA-ycp_gQRg89mE7Icxh4pB80Wpzpb8c1Dx0PtzMCfXUSZvSfZyo2Xn9IhptFt9uRlZebSNPK3sBPYs-EAMzeiCkUo2O_YXSl0CgwM5qEDl839jTHoBu3Nc3qMaCj-I_dOP96hpviPvsIU89kyxDwoXvg..&type=2&query=%E5%B1%B1%E8%A5%BF%E6%96%87%E6%97%85 10%E6%9C%88&token=D11B90492EAAA1C1B0B6F2CEC3DDF4E8B0541E9A69037C1A,"近日,山西文旅国有资产公司组织召开了十月诉讼专项会,公司领导班子成员、中层管理人员及各诉讼案件的代理律师参加了会议....",微信公众号
"10月28日山西文旅年卡最新消息:年卡全流程指南,价格,办理方式及包含景点",2025-10,https://weixin.sogou.com/link?url=dn9a_-gY295K0Rci_xozVXfdMkSQTLW6cwJThYulHEtVjXrGTiVgS8Yb2aZgmg8WIm9-9jK3N9zMFPaYgvCOWVqXa8Fplpd9ut0AMjml7sU0pXoUqIGM2jVOCE_BZMeT3EUSjAD55FNaomGjA10aOPKyBweccjZro2QnpeX5JE6xe9SLacbjQdqUE4gxEDabchjY4Ad1gX0uVM1YPIM0g3VkfArlJ2SCITHFoPZPvLNqqR-GUGx7Xv6sBrT1AaAaGtW5UbaNU5Nr1dbZWbKUeQ..&type=2&query=%E5%B1%B1%E8%A5%BF%E6%96%87%E6%97%85 10%E6%9C%88&token=D11B90492EAAA1C1B0B6F2CEC3DDF4E8B0541E9A69037C1A,"【山西文旅年卡10月28日快讯】山西文旅年卡凭借高性价比、丰富景点覆盖等优势,成为不少游客畅游山西的首选.本文将围绕大家最...",微信公众号
10月国庆来山西旅游的注意了,2025-10,https://weixin.sogou.com/link?url=dn9a_-gY295K0Rci_xozVXfdMkSQTLW6cwJThYulHEtVjXrGTiVgS8Yb2aZgmg8WD_VJk0Jxo7nMFPaYgvCOWVqXa8Fplpd9dzmgkaCTvKNmS0EoP3vGiqvOeAv4VOISYis2i0Bncx1y0oCxE8Gd9tWbzrmfY7kDXl2UJOB20E_7-BJyTZwzVA9dezkr7Ga-p_wW58-_MeElY7lV8LZgzYU1UU6C5yFFjXLEQp9aLE9oZbeyh6u8smqauaZnQKBiI4YhUCZAvQVQ_LeJW-Rhtg..&type=2&query=%E5%B1%B1%E8%A5%BF%E6%97%85%E6%B8%B8 10%E6%9C%88&token=D11BA8892EAAA1C1B0B6F2CEC3DDF4E8B0541E9A69037C21,"10月来山西旅游的注意了,天气到底啥样?穿什么衣服最合适?得花多少钱?保姆级攻略全给你们整明白了.10月山西气温15~25°左...",微信公众号
山西旅游不踩坑!10大必打卡景点预约全攻略+住宿美食红黑榜!看完省下50%预算,2025-10,https://weixin.sogou.com/link?url=dn9a_-gY295K0Rci_xozVXfdMkSQTLW6cwJThYulHEtVjXrGTiVgS8Yb2aZgmg8WD_VJk0Jxo7nMFPaYgvCOWVqXa8Fplpd9kBmGY1mpcdJKOIihYxXQRZQLSc6D9_1TBe9cQva8nM34UyyaMPPFkFycYxKoiBrscLWTTR1jL1Mp-oJxgA1wgTa_eDMdg4c1EVW2bWXT6bdrvJkwzymyzWSMBBTF-WRoXgpA6Vo_5rzCMlWQardl-HTHgmJ-BvWHmNU-Alepq6DS-e4Yz84xMA..&type=2&query=%E5%B1%B1%E8%A5%BF%E6%97%85%E6%B8%B8 10%E6%9C%88&token=D11BA8892EAAA1C1B0B6F2CEC3DDF4E8B0541E9A69037C21,"山西旅游终极攻略来啦!＂山西的魅力,需要我们放慢脚步,慢慢... 带身份证雁门关90元4-10月8:00-17:3011-3月8:30-17:00GZH“雁...",微信公众号
【揭之旅】10月8/12日山西全景五台山.平遥古城、乔家大院纯玩太原双飞六日游 3850元/人,2025-10,https://weixin.sogou.com/link?url=dn9a_-gY295K0Rci_xozVXfdMkSQTLW6cwJThYulHEtVjXrGTiVgS8Yb2aZgmg8WD_VJk0Jxo7nMFPaYgvCOWVqXa8Fplpd9yNCzeQrgvx9s3BcbwgiwCLqKxy1QjDiME6u-mJfc0-0KUnSJuNyj_2DVT6DXDfAzXr3KxCUURJfq0sG3AO8CO2ConeAmrJobeszj3QXkR2BfoxFfLGupC17CfURvV8VHxw6Co6tErYu2ETFrG-d53AivULJa0awjlu8soRvmC_0SYTqT4eyLmA..&type=2&query=%E5%B1%B1%E8%A5%BF%E6%97%85%E6%B8%B8 10%E6%9C%88&token=D11BA8892EAAA1C1B0B6F2CEC3DDF4E8B0541E9A69037C21,山西太原、五台山、云冈石窟、平遥古城、乔家大院、壶口瀑布、悬空寺、晋祠、太原古县城双飞六天游出发日期:10月8/12/15/17/19...,微信公众号
十月旅游去哪儿•山西篇,2025-10,https://weixin.sogou.com/link?url=dn9a_-gY295K0Rci_xozVXfdMkSQTLW6cwJThYulHEtVjXrGTiVgS8Yb2aZgmg8WD_VJk0Jxo7nMFPaYgvCOWVqXa8Fplpd9NBumBfqPcAnMCTdIK_Soi-9R19v2wB7EC3rlsTxpP70RPG5PUVHYDB-YfXehTi83CqjoJAJ8hgEhRoFYURbKKHdjg2UVcZHsSN8hDQosLmvmOLduTfFgl4PrIDotEdKoSyrx7UcFU6UgpFiZBtAivftchbKhSx47Qhb-ANBv1Nn2CsG6-xMgzQ..&type=2&query=%E5%B1%B1%E8%A5%BF%E6%97%85%E6%B8%B8 10%E6%9C%88&token=D11BA8892EAAA1C1B0B6F2CEC3DDF4E8B0541E9A69037C21,"十月是游览山西的黄金季节,秋高气爽,层林尽染,尤其是古建、梯田与秋色交织,风景绝美.山西被誉为“中国古代建筑艺术博物馆...",微信公众号
车站带您去旅游惠民游 ||10月18日直达山西深度纯玩六日游,2025-10,https://weixin.sogou.com/link?url=dn9a_-gY295K0Rci_xozVXfdMkSQTLW6cwJThYulHEtVjXrGTiVgS8Yb2aZgmg8WD_VJk0Jxo7nMFPaYgvCOWVqXa8Fplpd9qYGGYeMfN9TuXS-QPb3J3z4xvBeCjH8ArHJN0Q3utH4OKQ-DXwy5caU96lsGHQmTBzIjCqtQEZhJPZpOMpRx7xJ4vC0WwDTi34_phDi88KMEa-lJZpJsfFfN6GLw4DlAtK_mIJkmVMoEp7iV9N68A_JpaBZFrS3kzc1ijpEbNeUGX_iHL9MadA..&type=2&query=%E5%B1%B1%E8%A5%BF%E6%97%85%E6%B8%B8 10%E6%9C%88&token=D11BA8892EAAA1C1B0B6F2CEC3DDF4E8B0541E9A69037C21,发团日期10月18日(周六)联系方式0537-7336369  18353783368报名地址梁山汽车站东门西邻  车站旅游租车办公室简版行程JIAN ...,微信公众号
【9-10月】山西旅游线路~,2025-10,https://weixin.sogou.com/link?url=dn9a_-gY295K0Rci_xozVXfdMkSQTLW6cwJThYulHEtVjXrGTiVgS8Yb2aZgmg8WD_VJk0Jxo7nMFPaYgvCOWVqXa8Fplpd9xjppzeVcJuwWH5OSf0gs5ib8K3r__lz1rIKxETeLs2TaZ_s3pO87pom3s3x44QuFaZ2OcBBk4nFjtUCZVX9blzpEZjoXJ4adFtofPsEPtDiB8q93srn2xdOIytVwELklmLcDe9_Amb2SGgFhPnukLGK81AloQ2uAoBIYIqjh6hw89kyxDwoXvg..&type=2&query=%E5%B1%B1%E8%A5%BF%E6%97%85%E6%B8%B8 10%E6%9C%88&token=D11BA8892EAAA1C1B0B6F2CEC3DDF4E8B0541E9A69037C21,"18928682123 沈经理将有专业的旅游顾问为您服务.※ 公众号首页留言:姓名+联系方式+目的地,我们的客服人员会主动联系您!",微信公众号
"【快乐旅行•假日同行】10月17/24日￥4580元,山西省博物馆、云冈石窟、悬空寺、五台山、平遥古城、乔家大院双飞六日游",2025-10,https://weixin.sogou.com/link?url=dn9a_-gY295K0Rci_xozVXfdMkSQTLW6cwJThYulHEtVjXrGTiVgS8Yb2aZgmg8WD_VJk0Jxo7nMFPaYgvCOWVqXa8Fplpd9Tw_WiImAIfmd8sCGI9mL9xBBrnlfE3gjhcmfpkGuEoN9YaLHTGnDypcd8Cvq1ikczMLexI6o-ffswmv5JOmw5r7bpSkGX5avVcxIzor1If0skH50-K0PQco9dufL-oiUj5iMZkfBYEeb_EpOT3Koi7B0WcsSR-evAnxUCVMrgJJCy6umSSPEsg..&type=2&query=%E5%B1%B1%E8%A5%BF%E6%97%85%E6%B8%B8 10%E6%9C%88&token=D11BA8892EAAA1C1B0B6F2CEC3DDF4E8B0541E9A69037C21,"30日5980元4680元1100元10月1-4日6380元5080元1100元10月...山西旅游景点比较分散,景点之间路途较远,建议您准备一些晕车...",微信公众号
这才是9-10月(国庆)来山西旅游的正确打开方式,2025-10,https://weixin.sogou.com/link?url=dn9a_-gY295K0Rci_xozVXfdMkSQTLW6cwJThYulHEtVjXrGTiVgS8Yb2aZgmg8WD_VJk0Jxo7nMFPaYgvCOWVqXa8Fplpd9_lzoVLXFxFUmpCOmz1fqxTGedbMqyKOLYsNZZ-NOlo5O6dzcCKBhiNmapKzxYFGFh4HYthDDV0-bYVx_pUhMO53Ec-i1voShbo2-QVZlstk8Q7snFZIuQZP3Q_qezr7kUYJNDS1iNdBayYNUxpOWv7kwUwHb9keC43_b1WsxqcCjotuuiAmOIg..&type=2&query=%E5%B1%B1%E8%A5%BF%E6%97%85%E6%B8%B8 10%E6%9C%88&token=D11BA8892EAAA1C1B0B6F2CEC3DDF4E8B0541E9A69037C21,"9-10月准备到山西玩的宝子们~~详细的游玩攻略来啦!! 速来抄作业��分享给大家,一篇就能搞定�� 希望能帮到第一次来山西又...",微信公众号
山西10月旅游线路汇总(平遥古城◎乔家大院◎王家大院◎皇城相府◎波浪谷◎万年冰洞群◎西柏坡◎五台山◎悬空寺◎云冈石窟◎壶口飞瀑),2025-10,https://weixin.sogou.com/link?url=dn9a_-gY295K0Rci_xozVXfdMkSQTLW6cwJThYulHEtVjXrGTiVgS8Yb2aZgmg8WD_VJk0Jxo7nMFPaYgvCOWVqXa8Fplpd9tPp_WDrbCx2mXkR-BLA3ucm3JX4TjR8UoFaPBTaSI5FvJkb4AgnZxo123apF0CP5zYtZmwBagzMf-8vRdDENcPXV6PEAe6wokxbVLhbUNhzALA56ELZ-9P0vPC362sd19VcBEqZM3FF_KA352MfSo5n5qAyeeE5JswN81lPqUZPFcvUoAZZH7Q..&type=2&query=%E5%B1%B1%E8%A5%BF%E6%97%85%E6%B8%B8 10%E6%9C%88&token=D11BA8892EAAA1C1B0B6F2CEC3DDF4E8B0541E9A69037C21,"山西旅游“华夏古文明,山西好风光”,山西被称为“中国古代建筑艺术博物馆”,境内保存完好的宋、金以前的地面古建筑物占全...",微信公众号
10月5日山西旅游年卡最新消息:价格\预约方式\使用流程\办理指南,2025-10-05,https://weixin.sogou.com/link?url=dn9a_-gY295K0Rci_xozVXfdMkSQTLW6cwJThYulHEtVjXrGTiVgS8Yb2aZgmg8WD_VJk0Jxo7nMFPaYgvCOWVqXa8Fplpd9ut0AMjml7sU0pXoUqIGM2jVOCE_BZMeT3EUSjAD55FNaomGjA10aOEGju3NWrG-tYMoo4SFNkCbSLsYJ_FTzzUPSbCcy6AdDyZ0nrXh8WYM4_3Zbesot6kxs_JZU6d4M3v_KCZ7cCa6lgkePQ30FgGPQ9coywfvCvlaqYPKCC0TwdVqCwyPdzA..&type=2&query=%E5%B1%B1%E8%A5%BF%E6%97%85%E6%B8%B8 10%E6%9C%88&token=D11BA8892EAAA1C1B0B6F2CEC3DDF4E8B0541E9A69037C21,"【山西文旅年卡10月5日快讯】“表里山河”山西的人文底蕴与自然奇景,如今一张年卡即可轻松拥有.2025年山西文旅年卡以258元...",微信公众号
山西景区＂10·1＂火灾事故更多细节曝光!9月28日官方曾带队督查过消防安全!,2025-10-01,https://weixin.sogou.com/link?url=dn9a_-gY295K0Rci_xozVXfdMkSQTLW6cwJThYulHEtVjXrGTiVgS8Yb2aZgmg8Wob8k0tRQlRrMFPaYgvCOWVqXa8Fplpd99nyJgEwwQdQrFhvzSAFc4VZ3kJ5Dh2vSFAiCZGDsBkd0g5eZPFS0sXcGuII0_8-28m0tUtArUBr-wbzRCsoPfYVmFkvJ6dpHv0W3_G9WUfZnbCdQOtj0t-FoRKv0UaeKelXL-4PXWCuPOkBvMJwlHqkByyzllV2TOZU7EAoXWypFH6In5Ei3zg..&type=2&query=%E5%B1%B1%E8%A5%BF%E6%99%AF%E5%8C%BA 10%E6%9C%88&token=D11BC0632EAAA1C1B0B6F2CEC3DDF4E8B0541E9A69037C27,"10月1日13时4分,太原市迎泽区小山岩村台骀山景区冰灯雪雕馆发生火灾.当晚,山西省政府组织召开全省安全生产工作视频会议,...",微信公众号
别跑空!山西一景区10月25日起闭园,2025-10,https://weixin.sogou.com/link?url=dn9a_-gY295K0Rci_xozVXfdMkSQTLW6cwJThYulHEtVjXrGTiVgS8Yb2aZgmg8Wob8k0tRQlRrMFPaYgvCOWVqXa8Fplpd9lY6ytKYYwIk0vX9JqX4aVfzzU68VMilQZudzuZVfCZK3pbe3ooObaO3Y5CgFaYUmYjkZOTTmDvMGZnRg0vk3tfBU9QlRB4oo5BC22tgFgX8cLlFdsSUnXT5SxMXNGSalmL_vr796fpTcTYLQrfZeZSu9-wtqpbfFuuuAXdaI2qaE8RsmObDbtQ..&type=2&query=%E5%B1%B1%E8%A5%BF%E6%99%AF%E5%8C%BA 10%E6%9C%88&token=D11BC0632EAAA1C1B0B6F2CEC3DDF4E8B0541E9A69037C27,10月24日山西赤壁悬流旅游开发有限公司发布闭园通知景区内部将进行提档升级改造于10月25日起闭园山西赤壁悬流旅游开发有限公...,微信公众号
10月2日山西59个景区接待游客5.75万人次,2025-10-02,https://weixin.sogou.com/link?url=dn9a_-gY295K0Rci_xozVXfdMkSQTLW6cwJThYulHEtVjXrGTiVgS8Yb2aZgmg8Wob8k0tRQlRrMFPaYgvCOWVqXa8Fplpd9rpuNtip3TFe7Mo5OWHEVzTooJs1qrnaI4krlg-d-KYDcXZT8j5tf7QTrheLHzuRTRu96qnrzA_6vofiCa6JaI5r1yrPxSYcp_MMH1hAAh-6fSi1vG13wkIeuP_CC9LVWijgVDiy16PyHiTPpGZ_dvBaXFvE6J3DaSc4UqMd9izK54z_tGSZTqA..&type=2&query=%E5%B1%B1%E8%A5%BF%E6%99%AF%E5%8C%BA 10%E6%9C%88&token=D11BC0632EAAA1C1B0B6F2CEC3DDF4E8B0541E9A69037C27,"10月2日,国庆假期的第2天,全省文旅市场秩序良好、运行平稳,... 洪洞大槐树景区推出以“游山西过中秋回大槐树老家,迎国庆悦生...",微信公众号
山西新增“3+10”!省内多个景区、场馆临时关闭!,2025-10-02,https://weixin.sogou.com/link?url=dn9a_-gY295K0Rci_xozVXfdMkSQTLW6cwJThYulHEtVjXrGTiVgS8Yb2aZgmg8Wob8k0tRQlRrMFPaYgvCOWVqXa8Fplpd9uxiIS81ZW2LHdrd7ZZv_PPiydh3Jpm7VQ3Mtcly-fcZrSbK99NK8nUOxA8dzbzDG0wjcEIUUyffLTxeVTx6fy34m2c2l01CGvUylGJ7H7pntj9OaMbOmsh2B1tHMgM9OxE9MyD7pOYnWFpst6XP8XayzdtELz21nwEeqX25g_G8Cn9lOoZLP2Q..&type=2&query=%E5%B1%B1%E8%A5%BF%E6%99%AF%E5%8C%BA 10%E6%9C%88&token=D11BC0632EAAA1C1B0B6F2CEC3DDF4E8B0541E9A69037C27,太原市疫情防控领导小组办公室2022年10月2日近日山西省内多地出现本土疫情山西多个景区、场馆发布通告涉及临时闭馆或活动取消...,微信公众号
再翻番!10月4日山西重点景区接待游客20万+,2025-10-04,https://weixin.sogou.com/link?url=dn9a_-gY295K0Rci_xozVXfdMkSQTLW6cwJThYulHEtVjXrGTiVgS8Yb2aZgmg8Wob8k0tRQlRrMFPaYgvCOWVqXa8Fplpd9elfTRAWyL1xVY2cOsQtblZXcUCLF_4iu6I7EP-73nBJvZpu8EdwMmYv2CfOmRYK1thM99ybejKrMDS_p6I_gle-NCqa_rjXqzyXYhv0dggPe1_cxdDgePp-DYWg88JM0v0j8tQpbi7cT9g8xIJL-jeQ3kg3Oqh1kLRQtnw3rQCgY-UZGbO56rA..&type=2&query=%E5%B1%B1%E8%A5%BF%E6%99%AF%E5%8C%BA 10%E6%9C%88&token=D11BC0632EAAA1C1B0B6F2CEC3DDF4E8B0541E9A69037C27,"10月3日,游客在杀虎口景区内参观游玩.杀虎口建于明朝,古称参合口,因其特殊的地理位置,杀虎口闻名遐迩,已有两千多年历史...",微信公众号
"山西10月自驾游景点,十大必去打卡的地方,周边游玩好去处",2025-10,https://weixin.sogou.com/link?url=dn9a_-gY295K0Rci_xozVXfdMkSQTLW6cwJThYulHEtVjXrGTiVgS8Yb2aZgmg8Wob8k0tRQlRrMFPaYgvCOWVqXa8Fplpd9va1oV8WcGC7hjKsnUbWunio2p_6stEoqobhsztZV5LNr0tmCfHpsl0AXKv0mohkyoAcEWFmwvfWjyn5xpAQXvseT4Php52WQTF1Mds13GWyxd_Gw5MdiVa-oDe-1w-BifNcXPXIlZ6okdQlD-t7RLuSoFxP59PlBrV_Nc4OxLyz2CsG6-xMgzQ..&type=2&query=%E5%B1%B1%E8%A5%BF%E6%99%AF%E5%8C%BA 10%E6%9C%88&token=D11BC0632EAAA1C1B0B6F2CEC3DDF4E8B0541E9A69037C27,"山西是一个充满历史底蕴和自然风光的省份,拥有许多令人难以抗拒的旅游胜地.而在10月这个金秋时节,山西的景点更是各展风采,...",微信公众号
"10月3日,山西重点景区门票收入3916.09万元",2025-10-03,https://weixin.sogou.com/link?url=dn9a_-gY295K0Rci_xozVXfdMkSQTLW6cwJThYulHEtVjXrGTiVgS8Yb2aZgmg8Wob8k0tRQlRrMFPaYgvCOWVqXa8Fplpd9rpuNtip3TFe7Mo5OWHEVzTooJs1qrnaI4krlg-d-KYDcXZT8j5tf7cHjvVFGmDptEY9Y3eYgF4kypK8HHB6Uryypx1sA4Rq-FCF32PQbryr2ODb_FRQ4Ly9lGe6XJaML9vBpS16tXUbjWF77RWBUZKvl4JcWd0cZ8kVOS1V2H4j0OK9DLfgmPA..&type=2&query=%E5%B1%B1%E8%A5%BF%E6%99%AF%E5%8C%BA 10%E6%9C%88&token=D11BC0632EAAA1C1B0B6F2CEC3DDF4E8B0541E9A69037C27,"10月3日,在石楼县黄河奇湾景区,来自全国各地的游客在此欢度国庆,与国旗合影留念,为祖国献上最诚挚的祝福.记者 刘通摄10月...",微信公众号
山西旅游不踩坑!10大必打卡景点预约全攻略+住宿美食红黑榜!看完省下50%预算,2025-10,https://weixin.sogou.com/link?url=dn9a_-gY295K0Rci_xozVXfdMkSQTLW6cwJThYulHEtVjXrGTiVgS8Yb2aZgmg8Wob8k0tRQlRrMFPaYgvCOWVqXa8Fplpd9kBmGY1mpcdJKOIihYxXQRZQLSc6D9_1TBe9cQva8nM34UyyaMPPFkFycYxKoiBrscLWTTR1jL1Mp-oJxgA1wgZom5Pnbaa_R4Js9akiDqzX6k8E3mN6igSTJicF9MPOWXxHMRPZbJpezWzxUJNiF4Y_ABQ2zuf00iVhpX1sRsYpOJBjQH7pCxQ..&type=2&query=%E5%B1%B1%E8%A5%BF%E6%99%AF%E5%8C%BA 10%E6%9C%88&token=D11BC0632EAAA1C1B0B6F2CEC3DDF4E8B0541E9A69037C27,"带身份证雁门关90元4-10月8:00-17:3011-3月8:30-17:00GZH“雁门关景区官微”无需提前预约“天下九塞,雁门居首”实名制购票,...",微信公众号
渐次回落!山西重点景区10月7日游客近14万,2025-10-07,https://weixin.sogou.com/link?url=dn9a_-gY295K0Rci_xozVXfdMkSQTLW6cwJThYulHEtVjXrGTiVgS8Yb2aZgmg8Wob8k0tRQlRrMFPaYgvCOWVqXa8Fplpd9-GjcjlFb2q7HzBqi1zqAzAtYN1EIUCudLnPGVXGlQH1hJwUlN-Zf32wHZ1FdrP9NDUFhJpoVaE1V5lus46pxSMl5UsSqeYCCSPYDRIGIMUbxS70hhQ1L_iotct5IT4U5aGgV6qppPK5jKKvncuPHGh3xn72PzsMaFi7_T0mYGqDRtmyIGw2VAg..&type=2&query=%E5%B1%B1%E8%A5%BF%E6%99%AF%E5%8C%BA 10%E6%9C%88&token=D11BC0632EAAA1C1B0B6F2CEC3DDF4E8B0541E9A69037C27,"旅游接待情况10月7日,根据山西移动公司旅游大数据平台数据显示,截至14:00时,全省重点监测的59个景区,景区及周边由移动公...",微信公众号
2025年10-11月山西旅游线路合集.,2025-10-01,https://weixin.sogou.com/link?url=dn9a_-gY295K0Rci_xozVXfdMkSQTLW6cwJThYulHEtVjXrGTiVgS8Yb2aZgmg8Wob8k0tRQlRrMFPaYgvCOWVqXa8Fplpd9qz6RFX7I67dMX-e9vmWySw4A6vHNO_VhDEpqI3-TLGd0h-bxaju606GiqPO8SmNi5KCU0hO3h1Od29_9-jz0b3gzwj1-xWysGkAKVPox77i4VySvUTN9HivMO00t7BFHRQc8JE6dUP7Qfd1Vs1uWBOUfBoIRBe5X-fMGRmL1O9YYJSSFPgfogQ..&type=2&query=%E5%B1%B1%E8%A5%BF%E6%99%AF%E5%8C%BA 10%E6%9C%88&token=D11BC0632EAAA1C1B0B6F2CEC3DDF4E8B0541E9A69037C27,万年冰川#云丘山冰洞群4劲爆山西10月【劲爆山西】广东自组|真纯玩|0购物体验一晚平遥古城内客栈+体验一晚云丘山景区酒店#住进...,微信公众号
"10月13日,平遥县举行大型现场招聘会!地点公布!快来找工作!",2025-10,https://weixin.sogou.com/link?url=dn9a_-gY295K0Rci_xozVXfdMkSQTLW6cwJThYulHEtVjXrGTiVgS8Yb2aZgmg8WH2MHXHPBS73MFPaYgvCOWVqXa8Fplpd97Zi5qhEmZfm_6rwyImD_tv3jB4eOMgzr0cKmKPU5EagKL5rI8SExBWdH07ixc22imN6OI05m7lHtxpCrb3u8XVKvGBzLHAQfV2HKJFebPWpHskdHVl0i2SnxU-cBbei-W2MwAMRY-ys7uQJPTfG0_o5KEMqdvNXMq1jOYvK-LudFH6In5Ei3zg..&type=2&query=%E5%B9%B3%E9%81%A5%E5%8F%A4%E5%9F%8E 10%E6%9C%88&token=D11BDB4C2EAAA1C1B0B6F2CEC3DDF4E8B0541E9A69037C2E,(平遥招聘网)活动时间2023年10月13日(星期五) 9:00—12:00地点平遥县零工市场部分招聘企业部分招聘岗位现场优质企业提供岗...,微信公众号
平遥古城高级中学补习班举行10月份质检表彰会,2025-10,https://weixin.sogou.com/link?url=dn9a_-gY295K0Rci_xozVXfdMkSQTLW6cwJThYulHEtVjXrGTiVgS8Yb2aZgmg8WH2MHXHPBS73MFPaYgvCOWVqXa8Fplpd9nPwfsdh9-rK64nOvUMDPJxpnCsqxSnMYjPHK1Xd-BZ8f2cOs5rABUyQ1nuUdTultsYi7HyClowD4l_GpnGDI3aUHBvO7tpl1CBklW6i8kaIcU5FN171Sqfk2ZShdKieErSgY9DpioHW8iuW1SsTnxQG8uz86rKmn_EUC3clfsjKq3X8EKMKOIA..&type=2&query=%E5%B9%B3%E9%81%A5%E5%8F%A4%E5%9F%8E 10%E6%9C%88&token=D11BDB4C2EAAA1C1B0B6F2CEC3DDF4E8B0541E9A69037C2E,"10月27日,平遥古城高级中学补习班10月份质检表彰活动在课间操时间举行,对各班班级前五名、文科年级前五名、理科年级前十名...",微信公众号
十一黄金周「世界遗产平遥古城」10月5号寻根问祖大槐树 | 王家大院2日,2025-10-05,https://weixin.sogou.com/link?url=dn9a_-gY295K0Rci_xozVXfdMkSQTLW6cwJThYulHEtVjXrGTiVgS8Yb2aZgmg8WH2MHXHPBS73MFPaYgvCOWVqXa8Fplpd9DPlye-FHVb_ZmT-KlnLT8lPlsbQT1E8h9AKzmxSUxOE9YQF-R0cDvmgwCFAjcmqyqvNm5HIbgmeQp3ryuhM4SIzPwf-hK8AjchgR43YZY02i-4v5dHLKFQCneSypz6UebZnH7T91dB2xb02TV8wUFqqM2aNIjsGM-lHWpv8N89RFkDr8IT4KYw..&type=2&query=%E5%B9%B3%E9%81%A5%E5%8F%A4%E5%9F%8E 10%E6%9C%88&token=D11BDB4C2EAAA1C1B0B6F2CEC3DDF4E8B0541E9A69037C2E,出行时间2019年10月5日--10月6日(2日)出行线路商洛--大槐树--王家大院--平遥古城--商洛行程安排D1商洛--大槐树--王家大院  晚住...,微信公众号
"10月3号,平遥古城接待游客11.6万人次",2025-10-03,https://weixin.sogou.com/link?url=dn9a_-gY295K0Rci_xozVXfdMkSQTLW6cwJThYulHEtVjXrGTiVgS8Yb2aZgmg8WH2MHXHPBS73MFPaYgvCOWVqXa8Fplpd9ahHkAYi4pyss6tKEaWK9KAfFYp0d9wBTQRNMc5hr6h1Urbfcjr6by8n-8UafBaqPx3JJMyH37QGvxmI_OaB-TQRfTEJYvEsY-ZeR2HPizQZwDTvSlMx9LHjxcXvv3AR2r7uwPnTkl4RC5E3v8FNnQZrvMXpyUAhEPwKeN_0nHqV6VKrzu_4XKA..&type=2&query=%E5%B9%B3%E9%81%A5%E5%8F%A4%E5%9F%8E 10%E6%9C%88&token=D11BDB4C2EAAA1C1B0B6F2CEC3DDF4E8B0541E9A69037C2E,"据县旅游部门统计,10月3号,平遥古城共接待游客11.6万人次.  黄金周第三天,记者在南大街、古城墙等各旅游景点看到,到处游人...",微信公众号
"【国庆3日·山西经典】10月2-4日,大同-云冈石窟-北岳恒山-悬空寺-平遥古城-乔家大院",2025-10-04,https://weixin.sogou.com/link?url=dn9a_-gY295K0Rci_xozVXfdMkSQTLW6cwJThYulHEtVjXrGTiVgS8Yb2aZgmg8WH2MHXHPBS73MFPaYgvCOWVqXa8Fplpd9tg-TMwqlGRnI2SGH9GP4nc-tuMMaZIsaE9zlkK7_pH1-9Mnh0o4no7RCL3DL9PrRK877oFyzNOVbbwx3yTU4UR44jOLSuXK3_rDhNBA0IQcyOclRAdmZb7_Aa7BSD_cy7HvdkViuP35CHV87IOCi7IjqPc3ZZJLoD5zvZdV2NqfyPfCoem7FzA..&type=2&query=%E5%B9%B3%E9%81%A5%E5%8F%A4%E5%9F%8E 10%E6%9C%88&token=D11BDB4C2EAAA1C1B0B6F2CEC3DDF4E8B0541E9A69037C2E,"D3|10月4日|平遥古城-乔家大院-北京07:00|起床吃早饭,08:00|集合前往前往【乔家大院】,尽情的去感受历史的洗礼吧!乔家大院的...",微信公众号
10月1/5日【平遥古城1日游 90元】保存最为完好的四大古城之一,2025-10,https://weixin.sogou.com/link?url=dn9a_-gY295K0Rci_xozVXfdMkSQTLW6cwJThYulHEtVjXrGTiVgS8Yb2aZgmg8WH2MHXHPBS73MFPaYgvCOWVqXa8Fplpd9t6H7jUySfU7WBDKwUaa_MCnVcDm_6sbHjhj9URMZZDEesT6pB2BndzqcXVopG1vDxmYxhovYoI7Ho3lXT8RF_UrG-6_5uPBl5ZBeYbspJNKUV-933KW7A5BrnU1U09gpPOF9u4Yswtl9zRTREwXDzbjxVmvmUgnWZxd-tctAz3sNGbbB75bUeA..&type=2&query=%E5%B9%B3%E9%81%A5%E5%8F%A4%E5%9F%8E 10%E6%9C%88&token=D11BDB4C2EAAA1C1B0B6F2CEC3DDF4E8B0541E9A69037C2E,世界遗产平遥古城视频取自网络 侵删世界文化遗产、国家5A景区... 2025年10月01日第07期:2025年10月05日2活动费用1请输入标题...,微信公众号
"平遥古城夜未央,金秋十月正相宜!",2025-10,https://weixin.sogou.com/link?url=dn9a_-gY295K0Rci_xozVXfdMkSQTLW6cwJThYulHEtVjXrGTiVgS8Yb2aZgmg8WH2MHXHPBS73MFPaYgvCOWVqXa8Fplpd9lgRTHF1d0DbzLfnWb4Ao5Sfg2jLEZZa3UBAu801BfeUv83mioLNP-l1mOqXybLa5xvwkWLR_QqKJOjKnB2gNODg6Jsgybq6SP_vVxHDkjtKczEw7enVv-ibez6guoAguHYUdVf8P0YxWb6F4eC1IWF99E-z2ob3b7N8xjxD3RiSfxjh3za6jWA..&type=2&query=%E5%B9%B3%E9%81%A5%E5%8F%A4%E5%9F%8E 10%E6%9C%88&token=D11BDB4C2EAAA1C1B0B6F2CEC3DDF4E8B0541E9A69037C2E,"当夜幕降临,平遥古城便点亮了它的灵魂.我从南门踏入,青石板路在红灯笼的映照下泛着暖光,茶馆里飘出晋剧小调,镖局门前仿佛...",微信公众号
【晋陕行】10月11日平遥古城波浪谷 雨叉谷 壶口瀑布 五台山 悬空寺 大同 8天7晚小车团,2025-10,https://weixin.sogou.com/link?url=dn9a_-gY295K0Rci_xozVXfdMkSQTLW6cwJThYulHEtVjXrGTiVgS8Yb2aZgmg8WH2MHXHPBS73MFPaYgvCOWVqXa8Fplpd9ACdhD247Lu-R5fIe03KyHe1eTrmLds8NKbBte7fNVoYYt68j30p9ZLUJVRMflyHn-jLVKWTzv6hc5whMHJHJHAEIl6ZXsbiya3y46YbqySgh5RKjX4OoPSr9CXT1B_4ld3njC884xFobqme0iA43pDKdubpxRyJMhNAqEPr3pmASYTqT4eyLmA..&type=2&query=%E5%B9%B3%E9%81%A5%E5%8F%A4%E5%9F%8E 10%E6%9C%88&token=D11BDB4C2EAAA1C1B0B6F2CEC3DDF4E8B0541E9A69037C2E,18905736876【活动地点】山西/陕西【活动时间】10月11日-18日... 壶口—王家大院—平遥古城D6:平遥—五台山             ...,微信公众号
"10月3号发团,平遥古城+乔家大院+晋祠二日游",2025-10-03,https://weixin.sogou.com/link?url=dn9a_-gY295K0Rci_xozVXfdMkSQTLW6cwJThYulHEtVjXrGTiVgS8Yb2aZgmg8WH2MHXHPBS73MFPaYgvCOWVqXa8Fplpd90h0pWLRfzzzFz_GLpU7MjYQLb4mDQd25lyJCmg9H2f26RTOcqwNEF5Gzb-y7TdRviFlLbhTI0YMLGSZQjbcau1IpswwqszpCWd7e3ZzCITJxn1L-pJ2iN8nqJ_ZB19Pw8cNQvikUIMAJopI526YsZkehuG0H_l2LO1v6OeKn9ISfxjh3za6jWA..&type=2&query=%E5%B9%B3%E9%81%A5%E5%8F%A4%E5%9F%8E 10%E6%9C%88&token=D11BDB4C2EAAA1C1B0B6F2CEC3DDF4E8B0541E9A69037C2E,"平遥古城夜景也是非常不错的看点.第一天:            餐:无             ... 榭等各式建筑100多座,宋元以来雕塑100多尊,铸造艺术品30多...",微信公众号
10月2-5日▎晋北秋色 :平遥古城-芦芽山-万年冰洞-悬空栈道-悬空村-忻州古城,2025-10-03,https://weixin.sogou.com/link?url=dn9a_-gY295K0Rci_xozVXfdMkSQTLW6cwJThYulHEtVjXrGTiVgS8Yb2aZgmg8WH2MHXHPBS73MFPaYgvCOWVqXa8Fplpd9BM1MjvHFBUN6UrT3zFVJs8rXnrTDVv4ZfIfI1gDHTofkWXHWk5A1Dq5GQlJ0VT2FhIhHgmwgJvggDi3yFuQ84Myt9R5JOuy8V6eoB7ufCQx36SHtslcxd83qcGjzpbodvm2y7pj6aJwr55P7y5C8lfwGSmwoZ4iJxhfrI9xXi_U5eBgmN3LoYQ..&type=2&query=%E5%B9%B3%E9%81%A5%E5%8F%A4%E5%9F%8E 10%E6%9C%88&token=D11BDB4C2EAAA1C1B0B6F2CEC3DDF4E8B0541E9A69037C2E,"10月3日. 平遥—芦芽山    住宿:芦芽山.早餐后从平遥古城出发,中午之前到达芦芽山东寨镇,午饭之后前往芦芽山景区(马伦草原—...",微信公众号
"祈福五台山10月18号发团,祈福武当山享福寿康宁️10月20号八月二十九发!",2025-10,https://weixin.sogou.com/link?url=dn9a_-gY295K0Rci_xozVXfdMkSQTLW6cwJThYulHEtVjXrGTiVgS8Yb2aZgmg8WDk9yCbn4oqPMFPaYgvCOWVqXa8Fplpd9pO7P6YbMFXRX6IHBF3647Vi1h5B9OH0R9Wb7DGntkhFhtMcxo0ZothfptB1P3kq_Kk8yn4Ifs3pPId5vL9m8HtajfAm4PDX1LIHcG67-lIXTDgXzxwkekYT-ZfIRgCV_MFmiYcgazq-amT4FUxNUodQH4Y249ez-jJhh8ZDfIpEHpHkoPMgL3A..&type=2&query=%E4%BA%94%E5%8F%B0%E5%B1%B1 10%E6%9C%88&token=D11BFD8E2EAAA1C1B0B6F2CEC3DDF4E8B0541E9A69037C36,"祈福五台山10月18号发团15人精品小包团成人:898元/人儿童:598元/人这儿是文殊菩萨道场,承载千年愿力.在殊像寺、大文殊寺点...",微信公众号
五台山风景名胜区10月24日天气预报,2025-10,https://weixin.sogou.com/link?url=dn9a_-gY295K0Rci_xozVXfdMkSQTLW6cwJThYulHEtVjXrGTiVgS8Yb2aZgmg8WDk9yCbn4oqPMFPaYgvCOWVqXa8Fplpd9RaDmXY_5hHlObGPMsz-QWCIvw3ZBe9AN_MQwzTxGMxIBqjgDFN9KSpZ6Wy10MijnpmUFLgmM43BFguHTaCYcr0fgAOkvTQVrHjalSo3ntJLaC_mY1b9FC9BDUNNwK1T-nCL3QiZeHH-fL0xflCec_mj_IYPQgtVqKc13jQvd-75hWLv6O878UA..&type=2&query=%E4%BA%94%E5%8F%B0%E5%B1%B1 10%E6%9C%88&token=D11BFD8E2EAAA1C1B0B6F2CEC3DDF4E8B0541E9A69037C36,"10.24据专业气象平台消息五台山10月24日为阴天夜间有小雨气温4℃~8℃西南风2~3级日出时间为6:44  本周五台山有冷空气活动,带...",微信公众号
五台山风景名胜区10月19日天气预报,2025-10,https://weixin.sogou.com/link?url=dn9a_-gY295K0Rci_xozVXfdMkSQTLW6cwJThYulHEtVjXrGTiVgS8Yb2aZgmg8WDk9yCbn4oqPMFPaYgvCOWVqXa8Fplpd9RaDmXY_5hHlObGPMsz-QWCIvw3ZBe9AN_MQwzTxGMxIBqjgDFN9KSi9bTrDo3Sp4IvL8OHsNqCIswWPQcHYNdUfXrr2RYKsIgHoEU0yztnTrZk_02fuZtCbZ1YzGAFRMkOF5MNHFsG60DBzopQAx49nIa7mFMxQkjrmjuXVX2V72CsG6-xMgzQ..&type=2&query=%E4%BA%94%E5%8F%B0%E5%B1%B1 10%E6%9C%88&token=D11BFD8E2EAAA1C1B0B6F2CEC3DDF4E8B0541E9A69037C36,10.19据专业气象平台消息五台山10月19日有雨夹雪气温-5℃~5℃偏西风2~3级日出时间为6:39  本周五台山部分时段有降水、大风天气...,微信公众号
"国庆假期五台山丨10月2-5号,山西五台山朝圣之旅,休闲拜佛、徒步朝台可选(增加72公里顺朝)",2025-10,https://weixin.sogou.com/link?url=dn9a_-gY295K0Rci_xozVXfdMkSQTLW6cwJThYulHEtVjXrGTiVgS8Yb2aZgmg8WDk9yCbn4oqPMFPaYgvCOWVqXa8Fplpd9OcvEnwF2_Ln1u2Kz1RyLuQn74DBX99GWPTnLZbd4ZiGWlXooSWCvATfBkoLyq9hK2Au-9bZldoLomUhh_57ytI2RDyNqoU35IRV1Y2dkX0Phf8n3mjMkX78hAjLE9C8OxM7LUFOHy4izE861OclHLZb8cB-TaelbKOo_k0WOTipAe0f8bRARvQ..&type=2&query=%E4%BA%94%E5%8F%B0%E5%B1%B1 10%E6%9C%88&token=D11BFD8E2EAAA1C1B0B6F2CEC3DDF4E8B0541E9A69037C36,"四、四天时间游玩五台山,静下心来漫游五台山.【活动时间】:10月2-5号【路线要求】分为ABC三组.A组两天逆朝徒步五台,大约...",微信公众号
五台山景区从10月9日11时30分全面实施封闭管理的公告,2025-10-09,https://weixin.sogou.com/link?url=dn9a_-gY295K0Rci_xozVXfdMkSQTLW6cwJThYulHEtVjXrGTiVgS8Yb2aZgmg8WDk9yCbn4oqPMFPaYgvCOWVqXa8Fplpd9XEauMoVSV2HN992xgd1XxEfBc5k7pVSbAZ-_2NwAjVkKMoj9ARodYsQBii328_G_Tx6bZ1QqAIFGJr08G_SxM3Xm7AiHV2zcUfaYI-9K3i08b01G1zypzeZTnu7QqszVpQ9ROzW_5ZDl0SOfTEgF21KjDqOHZS2iLNx8R2FLXjnzAjcIGepUqA..&type=2&query=%E4%BA%94%E5%8F%B0%E5%B1%B1 10%E6%9C%88&token=D11BFD8E2EAAA1C1B0B6F2CEC3DDF4E8B0541E9A69037C36,"2025年10月9日09时02分,五台山气象站继续发布暴雨蓝色预警信号,预计未来24小时五台山景区降雨量将达50毫米以上,受较强降...",微信公众号
【山西深度全景】10月8日|五台山、佛母洞、悬空寺、云冈石窟、平遥古城、乔家大院、壶口瀑布、晋祠双飞纯玩六天,2025-10-08,https://weixin.sogou.com/link?url=dn9a_-gY295K0Rci_xozVXfdMkSQTLW6cwJThYulHEtVjXrGTiVgS8Yb2aZgmg8WDk9yCbn4oqPMFPaYgvCOWVqXa8Fplpd9L7gmADqAPaqZWTgZ3N88KFeh_75PMErhzIC_-hdwyqMNyI05KsnITeotI5F8UADuYp8AX95YAMlExFIgKElsgCGIcddqobLX6sWY5uYX4hKF9uvHGP9JTacCgjdIO7MZd4tuXobVqfS1AtB-LTa2OYngHQ6ORPcHUCIDwo_XCLZj32-j2KiwUw..&type=2&query=%E4%BA%94%E5%8F%B0%E5%B1%B1 10%E6%9C%88&token=D11BFD8E2EAAA1C1B0B6F2CEC3DDF4E8B0541E9A69037C36,全晋山西【全晋山西】六日游五台山、悬空寺、云冈石窟、平遥古城、乔家大院、壶口瀑布、晋祠、太原古县城双飞六天10月8/10/12/...,微信公众号
"【国庆|朝圣五台山】10月1-4日徒步佛教圣地,五台山,洗涤灵魂的修行!",2025-10,https://weixin.sogou.com/link?url=dn9a_-gY295K0Rci_xozVXfdMkSQTLW6cwJThYulHEtVjXrGTiVgS8Yb2aZgmg8WDk9yCbn4oqPMFPaYgvCOWVqXa8Fplpd9VxQY7mwuumCiQaWefhL3Zuhjl88A5dEKlvfpUUwushD3ELAcTN7i7Jk07-JhIu4aLOey7x1h4oYg9PGmTr_-TSJ6cjBh4pZ5ZrhYpOiJlxsUG2Wdc6Rr8DKTpqJgu6_7tjtOIUXRUezNGgpIMToXlW1BktYg5KlkDPRgsroTVjkSYTqT4eyLmA..&type=2&query=%E4%BA%94%E5%8F%B0%E5%B1%B1 10%E6%9C%88&token=D11BFD8E2EAAA1C1B0B6F2CEC3DDF4E8B0541E9A69037C36,"五台山是中国佛教四大名山之一,2004年,五台山被评为中华十大...10月4-7日活动费用: 1680元/人 大小同价费用包含:1.全程包车...",微信公众号
五台山景区10月5日-9日出游重要提示!,2025-10-05,https://weixin.sogou.com/link?url=dn9a_-gY295K0Rci_xozVXfdMkSQTLW6cwJThYulHEtVjXrGTiVgS8Yb2aZgmg8WDk9yCbn4oqPMFPaYgvCOWVqXa8Fplpd9XEauMoVSV2HN992xgd1XxEfBc5k7pVSbAZ-_2NwAjVkKMoj9ARodYihVKGjk8P5ai1uZMmWqF7ocsPujsNMxEkdE-McolR0XNw7qynNCgp2KOnXIvWjh2kMXFOn_Zt0gHd_GUwZPZ2d0Bh7HRxdb9MvIJVDxyNvOEkotYb4CAbk6Ebq8fk9diw..&type=2&query=%E4%BA%94%E5%8F%B0%E5%B1%B1 10%E6%9C%88&token=D11BFD8E2EAAA1C1B0B6F2CEC3DDF4E8B0541E9A69037C36,"预计10月5日至9日五台山景区将有连阴雨天气过程,降水持续时间长,累计雨量大,五台山有小到中雨,10月8日至9日有大雨,过程...",微信公众号
【秘境五台山】 |10月1-5日/10月2-6日 秋色大朝台 寻找佛光寺 5日行程,2025-10,https://weixin.sogou.com/link?url=dn9a_-gY295K0Rci_xozVXfdMkSQTLW6cwJThYulHEtVjXrGTiVgS8Yb2aZgmg8WDk9yCbn4oqPMFPaYgvCOWVqXa8Fplpd9uLRfxhzZlUZwvPkslUEy-oJ7bD12b4R5Vz0X7awsW3xYSMAerXd60OCA6d5fNzQWif5bvjitG6EFVoYDH2bIjL0MlKaNfpcxH6YRxWPj6roYzHii8crGf_HPcl-igGMboXAn7foBdrUIBO90mJQ4sOoRecnKCMjqbxU9t21ytqQHpHkoPMgL3A..&type=2&query=%E4%BA%94%E5%8F%B0%E5%B1%B1 10%E6%9C%88&token=D11BFD8E2EAAA1C1B0B6F2CEC3DDF4E8B0541E9A69037C36,"2025年10月01日—05日(中秋国庆)第02期 2025年10月02日—... 前往五台山下的朝台小镇—砂河镇.抵达后,入住酒店,为明天的...",微信公众号
《又见五台山》10月16日-10月22日演出场次,2025-10-01,https://weixin.sogou.com/link?url=dn9a_-gY295K0Rci_xozVXfdMkSQTLW6cwJThYulHEtVjXrGTiVgS8Yb2aZgmg8WDk9yCbn4oqPMFPaYgvCOWVqXa8Fplpd9MwrbO7w-2n9gc4grokimVOeBVQhPUjgQA4c_Fu1IBqsysu2tbYcQiDsGiKy3-dvppGWssaXSL_F1VIQx8wVH3rScy6p9CsnCIuDQg5odUJxVooBUlOdbahvy43p60_IAtLyJGbQ9zyho9ptzSOxeb2IaaT2j5nA6EfrDqwtuKVEO8fIRwtipOg..&type=2&query=%E4%BA%94%E5%8F%B0%E5%B1%B1 10%E6%9C%88&token=D11BFD8E2EAAA1C1B0B6F2CEC3DDF4E8B0541E9A69037C36,2025年10月16日-10月22日期间演出场次安排山西文旅三晋文旅公司经营项目购票渠道▼☞ 又见五台山售票厅及官方微信、网站☞五...,微信公众号
全景山西丨五台山 恒山 悬空寺 雁门关云冈石窟平遥 小西天 万年冰洞(10月14-25日),2025-10,https://weixin.sogou.com/link?url=dn9a_-gY295K0Rci_xozVXfdMkSQTLW6cwJThYulHEtVjXrGTiVgS8Yb2aZgmg8W8-nu5qjPFEPMFPaYgvCOWVqXa8Fplpd9hIb9VKN1X73h9aLEajSRCiG4J-uvUQWKZZUhwQczxhNbiAG0esa5ZXQWFr5QvlNo7xybBZWk6bDh7RD8yFHgTWPtjRUqRHC2Ofsq5Jcp3bjrcOXVLDRhhxhuuLZ37e5dR-6DDLTuRqykddoVOqyo8uNCj78xnZVIDpgyKPgK0FS54z_tGSZTqA..&type=2&query=%E4%BA%91%E5%86%88%E7%9F%B3%E7%AA%9F 10%E6%9C%88&token=D11C1A812EAAA1C1B0B6F2CEC3DDF4E8B0541E9A69037C3E,"如登临票没有预约成功也请保持平常心,在寺下参观~D5(10月18日)、大同-云冈石窟-应县木塔-雁门关-宁武县   距离290公里,车程约5...",微信公众号
【大同】10月23日~25日 |云冈石窟深度+华严寺、善化寺,2025-10,https://weixin.sogou.com/link?url=dn9a_-gY295K0Rci_xozVXfdMkSQTLW6cwJThYulHEtVjXrGTiVgS8Yb2aZgmg8W8-nu5qjPFEPMFPaYgvCOWVqXa8Fplpd9eqY59FtSFobRQGadaBHssFmBZJQ7mUqvSKwTtSaO2PGt0eDH6K0IfiNGCkvQUyposTXzSD2gCfhxVKfiJQ4xamwssjVCCDZTnOHqkHyl0irl4QMW1dqh30SyJIipe2Cjkylk3tRjcSk5S519KPBV5xrIaPJsd5kpfetBcfHLUzfy08OLTBhW0A..&type=2&query=%E4%BA%91%E5%86%88%E7%9F%B3%E7%AA%9F 10%E6%9C%88&token=D11C1A812EAAA1C1B0B6F2CEC3DDF4E8B0541E9A69037C3E,10月23日 周五 大同集合10月24日 周六云冈石窟(云冈5、6窟二楼和五华洞11、12、13窟)10月25日 周日 华严寺、善化寺16点30送...,微信公众号
"10月19日,开启云冈石窟与山西古建的金秋探寻之旅",2025-10,https://weixin.sogou.com/link?url=dn9a_-gY295K0Rci_xozVXfdMkSQTLW6cwJThYulHEtVjXrGTiVgS8Yb2aZgmg8W8-nu5qjPFEPMFPaYgvCOWVqXa8Fplpd9DBBr6PYTNqBy-5VJ7fq6Nh1k9f1ykwwD2G-J5gOWVbpyXc_ae1Zgn30l4A_7wfHofHf1qdAMu9Ogh4zJzX_cFUzU-kVqLAmUPOEys2hqJrWL5QohE-NlyHR15T9IZk9YQpEVFPmgmXOr84ZaP9h9SerlEMlsIXrUU1pPR2ysnp3S-e4Yz84xMA..&type=2&query=%E4%BA%91%E5%86%88%E7%9F%B3%E7%AA%9F 10%E6%9C%88&token=D11C1A812EAAA1C1B0B6F2CEC3DDF4E8B0541E9A69037C3E,"秋高气爽,淡季独享嘉德教育·四大石窟艺术研学大同云冈石窟站10月19—22日启程山西大同 课程信息01云冈研究院提供学术支持课...",微信公众号
云冈石窟群深度考察 | 2025年10月21日~10月24日,2025-10-02,https://weixin.sogou.com/link?url=dn9a_-gY295K0Rci_xozVXfdMkSQTLW6cwJThYulHEtVjXrGTiVgS8Yb2aZgmg8W8-nu5qjPFEPMFPaYgvCOWVqXa8Fplpd9HSjWHzRe5FP2GrT5dSE081xgxW-c-wZKbfsJ7r35gPgaVFWeliWGphRZ7iQYIVpqImXKzfqd4vchTYAZyNMO_Pn1BNl9IKvN-KEXBj20Mof65MKYxjnWqec5LL3F5jpmHuPCclJ1XsmKwNBB7BNEwtOD6L322QtrYL1hXyY1P630OK9DLfgmPA..&type=2&query=%E4%BA%91%E5%86%88%E7%9F%B3%E7%AA%9F 10%E6%9C%88&token=D11C1A812EAAA1C1B0B6F2CEC3DDF4E8B0541E9A69037C3E,"云冈1~6窟,5、6阁楼,晚期洞窟10月24日 周五 方山永固陵、大... 相传开凿云冈石窟的工匠居住于此,故名.开凿在武周川西岸上小...",微信公众号
"【国庆3日】山西经典、10月2-4日,大同-云冈石窟-北岳恒山-悬空寺-平遥古城-乔家大院",2025-10,https://weixin.sogou.com/link?url=dn9a_-gY295K0Rci_xozVXfdMkSQTLW6cwJThYulHEtVjXrGTiVgS8Yb2aZgmg8W8-nu5qjPFEPMFPaYgvCOWVqXa8Fplpd9sm9znBDAnuR7r3D7raODg2alMfQjJHtTW53QRjt7jqr6fIqeS9fpHJ6wNI4SkgCLm9sTiISxYVTqGN7AW9qJ5xpFAtZHrBRwM1b2W6u9ZxezscuNpeuFZ1nMwdlthYGVzbufJ--GuMVGpisqbREzwWevuRpM0bSoL4yjLY_DfC71AfaFW2DefQ..&type=2&query=%E4%BA%91%E5%86%88%E7%9F%B3%E7%AA%9F 10%E6%9C%88&token=D11C1A812EAAA1C1B0B6F2CEC3DDF4E8B0541E9A69037C3E,住宿:大同酒店(2人标间)D2|10月03日|大同-云冈石窟-平遥古城(宿)07:00|早餐后我们准时出发前往【云冈石窟】.上午|我们到达...,微信公众号
【边塞雄风】2025年10月2-5日自驾应县木塔-朔州云冈石窟-大同古城-大同土林-北岳恒山4日游招募,2025-10-02,https://weixin.sogou.com/link?url=dn9a_-gY295K0Rci_xozVXfdMkSQTLW6cwJThYulHEtVjXrGTiVgS8Yb2aZgmg8W8-nu5qjPFEPMFPaYgvCOWVqXa8Fplpd9gCC6iHDuUtp0BxO3OKytSEvEjauyInodITaIuBSCVjte5kFvmaaJ4kblqQkA1M9EO3kedabMszLnMe5k3dwXt4b7BzDVw6SUtn5bKl0a5lXgb3XWI3ZSC5ZKo7waqxWTexE46ZjIUH4mjWt6Iw-1lt9LYT_PaiUSla0IOu9O8Sx5Nu7CnoSqqg..&type=2&query=%E4%BA%91%E5%86%88%E7%9F%B3%E7%AA%9F 10%E6%9C%88&token=D11C1A812EAAA1C1B0B6F2CEC3DDF4E8B0541E9A69037C3E,"(含全餐)D3、10月4日  大同—云冈石窟(30公里)7:30早餐,8:00,游览中国四大石窟之一的云冈石窟景区,探访中国石刻艺术宝...",微信公众号
"【10月1-6日 】跟着'悟空'游山西,平遥-晋祠-悬空寺-应县木塔-云冈石窟-乔家大院-万年冰洞",2025-10,https://weixin.sogou.com/link?url=dn9a_-gY295K0Rci_xozVXfdMkSQTLW6cwJThYulHEtVjXrGTiVgS8Yb2aZgmg8W8-nu5qjPFEPMFPaYgvCOWVqXa8Fplpd90j_JRRrd1OT0uaIe_R3FNPyOYm2f5jqZXuo7GyjhbE_Ob9TpoGz1ZTsG4-jwCk0f0fRMOLrOeUtaNRHi_-KT37jiCPZAsLx1FHaXHfZt8q1c_UYzhHXgkONQ6GsCsflszhuS4gTQWihuoeIu3WP5yNybzyV42e4lErkDIx5C9LT1AfaFW2DefQ..&type=2&query=%E4%BA%91%E5%86%88%E7%9F%B3%E7%AA%9F 10%E6%9C%88&token=D11C1A812EAAA1C1B0B6F2CEC3DDF4E8B0541E9A69037C3E,"10月04日. 大同—云冈石窟—太原今天从大同出发20km前往云冈石窟游玩,午后出发前往太原市住酒店.10月05日. 太原—乔家大院—...",微信公众号
"云冈石窟最新公告!10月20日起开放时间有调整,速看!",2025-10,https://weixin.sogou.com/link?url=dn9a_-gY295K0Rci_xozVXfdMkSQTLW6cwJThYulHEtVjXrGTiVgS8Yb2aZgmg8W8-nu5qjPFEPMFPaYgvCOWVqXa8Fplpd90VdFuTx2MUTlpitpF8tAj7nz_prlS82GJ9fmko0gAwF0iiuUfruYHB8rraf0YmbgNRYAar4lDejfjahzMOa0NuCDODOlpJ5DS83r3dX8CbTJWC5oqsQ6keJvrWZ3DYRVrnxKOJZuEdi9PNHKPRwxVhOtI888Muq0SO-mERB7wUhf_71bqkOtiw..&type=2&query=%E4%BA%91%E5%86%88%E7%9F%B3%E7%AA%9F 10%E6%9C%88&token=D11C1A812EAAA1C1B0B6F2CEC3DDF4E8B0541E9A69037C3E,"公告亲爱的游客朋友:自10月20日起,云冈石窟景区开放时间调整为每日8:30—16:30.请您及时关注“云冈石窟官微”“云冈石窟文...",微信公众号
云冈石窟景区上榜“2023年10月5A级景区品牌传播力100强榜单”,2025-10,https://weixin.sogou.com/link?url=dn9a_-gY295K0Rci_xozVXfdMkSQTLW6cwJThYulHEtVjXrGTiVgS8Yb2aZgmg8W8-nu5qjPFEPMFPaYgvCOWVqXa8Fplpd9CqMeMHd4319mLWy9ok7KojIcvV_aNqEkTfMXvJSwkGckyCgEKC2UZ7d_GIdXNFyzGm3myGkT1IsvFKA8y7_KRe9oCnmGHlKHIVUGdsPTcD0CmBQVVC-evo_1C12iHjnr17NqzT4LVEwqTWwYpcz9V9QFhOz8dBRHI19Ok1pneUBr1dbZWbKUeQ..&type=2&query=%E4%BA%91%E5%86%88%E7%9F%B3%E7%AA%9F 10%E6%9C%88&token=D11C1A812EAAA1C1B0B6F2CEC3DDF4E8B0541E9A69037C3E,"近日,“2023年10月5A级景区品牌传播力100强榜单”出炉,我省7家景区榜上有名.其中,云冈石窟、平遥古城居榜单前10.我省上...",微信公众号
【国庆假期五】10月1-7日云冈石窟五台山 芦芽山 平遥古城 7日,2025-10,https://weixin.sogou.com/link?url=dn9a_-gY295K0Rci_xozVXfdMkSQTLW6cwJThYulHEtVjXrGTiVgS8Yb2aZgmg8W8-nu5qjPFEPMFPaYgvCOWVqXa8Fplpd9HX8qUs8OV2vWVOJqjqLmK8KyKGeclgb5ciXq0mJLCc1e2l9a00w8OD8-jvyJlHim6Xgaf_cOJW3QqL3VxBEhV7-PrFwobjPiSyP7-09fZwRVnW8hrHUX1wpDV8lhCcOitNe2Ly8X7WYQKofhktQ_DT-M4zIxqOOSg-WFzq9Z-jz6zvkPgoArRQ..&type=2&query=%E4%BA%91%E5%86%88%E7%9F%B3%E7%AA%9F 10%E6%9C%88&token=D11C1A812EAAA1C1B0B6F2CEC3DDF4E8B0541E9A69037C3E,"云冈石窟位于中国北部山西省大同市西郊17公里处的武周山南麓,... 因个人原因退出活动者在活动出发前五天退出活动可全额退款10....",微信公众号
游客从壶口瀑布坠落  民警舍命救人,2025-10-05,https://weixin.sogou.com/link?url=dn9a_-gY295K0Rci_xozVXfdMkSQTLW6cwJThYulHEtVjXrGTiVgS8Yb2aZgmg8WmTVfkvor7KfMFPaYgvCOWVqXa8Fplpd9IjObB-61OiW0xIlrdyhaqzZPMYaYCnoJOCu_CXc9o_dY11WNEN-LdTPfDXHRZZ-yyuu3AxuVjeTk6SpI_E_tSvRmiDMYjxRDYN0vSVjcuw9QxPqMjf6_-GEPrEVn25vWhJ9gaXiqWEOpXOpG6MYkzAaZjGN9pSlnyiAYL3xeVgFhWLv6O878UA..&type=2&query=%E5%A3%B6%E5%8F%A3%E7%80%91%E5%B8%83 10%E6%9C%88&token=D11C39252EAAA1C1B0B6F2CEC3DDF4E8B0541E9A69037C45,"正在瀑布旁观赏的游客突然翻越安全防护栏从岸上坠落,10月5日,发生在陕西宜川县壶口瀑布景区的这一幕让人心惊.所幸的是男子...",微信公众号
网传豪华越野车卷入壶口瀑布?当地政府紧急辟谣!,2025-10,https://weixin.sogou.com/link?url=dn9a_-gY295K0Rci_xozVXfdMkSQTLW6ft3wfAVofsP5Peu-UiA4DJHEgd8V_FFWFFpHUX6RTpOVgrFeYQugDqmj5rC9ZYRT7T4ed8yBQ-3bx4LOpmUBK4PJv1CsLA_SgXKOI1sv6ZSyKx1YHWC869rmWxadzGdmCYbeUFUd3O9wzxGR6fBF5idn19QTvY0QrPvV_QOaMc0QmN3wAINAuLV0X4kE4TmO8kGCPFGrZnXfq30oF_wyieqC0Kg2S91UsyjkH6ihig1LiSmvrv06jPodJhbqk4865Iyz8dVQEWnuFLfpzRw38pr7mmzmsb61iZqwg0yoRFw.&type=2&query=%E5%A3%B6%E5%8F%A3%E7%80%91%E5%B8%83 10%E6%9C%88&token=D11C39252EAAA1C1B0B6F2CEC3DDF4E8B0541E9A69037C45,"但壶口瀑布所在地的吉县政府网站02月09日10:42:58发布一片辟谣消息,称视频中的并不是壶口瀑布.关于网传壶口瀑布虚假消息的声...",微信公众号
新闻早餐来了丨2023-7-10,2025-10-08,https://weixin.sogou.com/link?url=dn9a_-gY295K0Rci_xozVXfdMkSQTLW6cwJThYulHEtVjXrGTiVgS8Yb2aZgmg8WmTVfkvor7KfMFPaYgvCOWVqXa8Fplpd9VfMoqSa6uCtUfNEkcoIg-lDvcDY67k3yaclIOjzxRCtO3H8Ye8C4z2H84aAEMRg7wdpspICgwM0ZC4WYnmPZ_HAp_0gF2Ocfx9pV2sPsMyj8PUegQvpLdsEfZ7O6sFYvRBVIsMc9ha56zwtlr7MQlH0zri0cIIg1KhIiPbaesi1r1dbZWbKUeQ..&type=2&query=%E5%A3%B6%E5%8F%A3%E7%80%91%E5%B8%83 10%E6%9C%88&token=D11C39252EAAA1C1B0B6F2CEC3DDF4E8B0541E9A69037C45,"当地时间2022年10月8日,卫星航拍爆炸起火的克里米亚大桥,桥... 图刊黄河壶口瀑布水量大增再现壮美瀑布群景观连日来,受上游水...",微信公众号
早啊!新闻来了〔2020.08.11〕,2025-10,https://weixin.sogou.com/link?url=dn9a_-gY295K0Rci_xozVXfdMkSQTLW6cwJThYulHEtVjXrGTiVgS8Yb2aZgmg8WmTVfkvor7KfMFPaYgvCOWVqXa8Fplpd9yCZiPPPf2oWfyck6atrmIt7Zc6x7_8QOEDtT2i8g4-NYb6SIVv6Bco-O2ymJMKaJ2qxeOfwZTGs5dsPRHAVJh_kEStvelWnN6I1wsPvO_KK-ABpzsEXsCbH7WhbgDQxBGhXsTFvVBRI3CcZnlwTkRPrsIkoAwymp3vKto4ctOYWAFV_3u-a3OQ..&type=2&query=%E5%A3%B6%E5%8F%A3%E7%80%91%E5%B8%83 10%E6%9C%88&token=D11C39252EAAA1C1B0B6F2CEC3DDF4E8B0541E9A69037C45,"山西壶口瀑布景区10日恢复对游客开放.△8月5日,受黄河第3号洪水影响,山西吉县黄河壶口瀑布景区临时关闭.10日,大熊猫国家...",微信公众号
"黄河水终于清了,先生你却走了……",2025-10,https://weixin.sogou.com/link?url=dn9a_-gY295K0Rci_xozVXfdMkSQTLW6cwJThYulHEtVjXrGTiVgS8Yb2aZgmg8WmTVfkvor7KfMFPaYgvCOWVqXa8Fplpd9IjObB-61OiW0xIlrdyhaqzZPMYaYCnoJOCu_CXc9o_dY11WNEN-LdYFaraxgumqBRCS5QolTm7BZFlP38Ac_4605bCOL5MKKo_VO8V7Onv13Bj4y1yzbC1C7tlbw4pDOVeWvVayaLiRk9_bHiG4HNbfC_xmmw8XNAJ_lQLLtkcIGX_iHL9MadA..&type=2&query=%E5%A3%B6%E5%8F%A3%E7%80%91%E5%B8%83 10%E6%9C%88&token=D11C39252EAAA1C1B0B6F2CEC3DDF4E8B0541E9A69037C45,"10月11日,著名的土壤学与水土保持专家, 中国共产党优秀党员... 黄河壶口瀑布飞溅的水雾在阳光下形成美丽的彩虹 詹彦 摄从开封...",微信公众号
"这份指南请收好,祝你中秋国庆出行一路畅通~",2025-10-01,https://weixin.sogou.com/link?url=dn9a_-gY295K0Rci_xozVXfdMkSQTLW6cwJThYulHEtVjXrGTiVgS8Yb2aZgmg8WmTVfkvor7KfMFPaYgvCOWVqXa8Fplpd9yCZiPPPf2oWfyck6atrmIt7Zc6x7_8QOEDtT2i8g4-NYb6SIVv6BcirJ9x8U9nxnYuOUT3mIPPMYhrsSd7QWUem_056sFonLD84aaW2vG6rTWechCqsl9v41_KtzPUVlwK1X8vMrXqr6nbVZaPFywgdbA005okwRErTxmEFceeyrCDCayYmfpA..&type=2&query=%E5%A3%B6%E5%8F%A3%E7%80%91%E5%B8%83 10%E6%9C%88&token=D11C39252EAAA1C1B0B6F2CEC3DDF4E8B0541E9A69037C45,"自10月1日起,降低6家5A级景区和3家重点4A级景区共9家景区门... 黄河壶口瀑布风景区周边道路最为拥堵“十一”期间周边道路易拥...",微信公众号
新闻早餐来了丨2022-3-10,2025-10,https://weixin.sogou.com/link?url=dn9a_-gY295K0Rci_xozVXfdMkSQTLW6cwJThYulHEtVjXrGTiVgS8Yb2aZgmg8WmTVfkvor7KfMFPaYgvCOWVqXa8Fplpd9VfMoqSa6uCtUfNEkcoIg-lDvcDY67k3yaclIOjzxRCtO3H8Ye8C4z2w9kQ0Qk34L_Tidejm4iEW9nbVHyOvluIk93_S9ol0ynMf3RANgb4uUWqZQF15FYKZvEP0N0hbbzDlXENvr3Hf5s0MlhsSDBfZnWLrQbrgwAhM0b2YPJ-kHpHkoPMgL3A..&type=2&query=%E5%A3%B6%E5%8F%A3%E7%80%91%E5%B8%83 10%E6%9C%88&token=D11C39252EAAA1C1B0B6F2CEC3DDF4E8B0541E9A69037C45,"黄河壶口瀑布水流量明显增大,在春日阳光的映照下,飞瀑与彩虹相映成趣.来源:视觉中国今日话题有人说,未成年人文身“酷一时...",微信公众号
三分钟速览《新闻联播》2016.12.30,2025-10,https://weixin.sogou.com/link?url=dn9a_-gY295K0Rci_xozVXfdMkSQTLW6ft3wfAVofsP5Peu-UiA4DJHEgd8V_FFWFFpHUX6RTpOVgrFeYQugDoMVhuApEGNrsw-loBy1UcI8f5eJubqQj_Y8AtrctnwpvGMmfIXsVsfGI8F8rfVt4zV4R7Flu1g-szP0pWTD9_j3GGVh8oFUkXQdQ0vN5CM2iqtSZknCjSe0kptjUIXQYVw7lzEJl7OdvMKYI3aV9YRbI1MWBjwXoPQgvbLsAc4lmxAwVHm76QnamjCaEx4q-vpXpuv22PUi5h68sFmj7wmcht-F0MBMGOBvgTXSdiPsiZqwg0yoRFw.&type=2&query=%E5%A3%B6%E5%8F%A3%E7%80%91%E5%B8%83 10%E6%9C%88&token=D11C39252EAAA1C1B0B6F2CEC3DDF4E8B0541E9A69037C45,"来自全球文化领域的10位个人和1个集体获得了“传播中华文化年度人物”奖.黄河壶口瀑布现冰挂美景受持续降温影响,黄河壶口瀑...",微信公众号
新闻早餐来了丨2017-12-18,2025-10,https://weixin.sogou.com/link?url=dn9a_-gY295K0Rci_xozVXfdMkSQTLW6cwJThYulHEtVjXrGTiVgS8Yb2aZgmg8WmTVfkvor7KfMFPaYgvCOWVqXa8Fplpd9VfMoqSa6uCtUfNEkcoIg-lDvcDY67k3yaclIOjzxRCtO3H8Ye8C4zxAD1DqfnFOqYG3aKEiAfRm-Td6Z_f1xERn5-ou7w9XVUrOuIrGjijh_wR3P1G-hrdqw4hXHMTfk50ZBzZArtBAHSsgR-ZIQnY9XG8cbqM2PItMr1kvaxan1AfaFW2DefQ..&type=2&query=%E5%A3%B6%E5%8F%A3%E7%80%91%E5%B8%83 10%E6%9C%88&token=D11C39252EAAA1C1B0B6F2CEC3DDF4E8B0541E9A69037C45,"山西吉县黄河壶口的当地气温连续数日处于-10℃以下,壶口瀑布翻滚的浪花和水雾在两岸的护栏和岩石上迅速凝结,形成姿态万千的...",微信公众号
早啊!新闻来了〔2019.10.30〕,2025-10,https://weixin.sogou.com/link?url=dn9a_-gY295K0Rci_xozVXfdMkSQTLW6cwJThYulHEtVjXrGTiVgS8Yb2aZgmg8WmTVfkvor7KfMFPaYgvCOWVqXa8Fplpd9yCZiPPPf2oWfyck6atrmIt7Zc6x7_8QOEDtT2i8g4-NYb6SIVv6BclgVkF7zy3wipIDp6XPYcnznZeGcFYszb2rnJD_ZKs66EHaLS9FTF5ceWLEB5Gv8uaRAINtcV264BFZZjJ4L0E0x5IS17VFiKE80AcSu2c6nCdxDZTeBtFsCYioxHkzTmA..&type=2&query=%E5%A3%B6%E5%8F%A3%E7%80%91%E5%B8%83 10%E6%9C%88&token=D11C39252EAAA1C1B0B6F2CEC3DDF4E8B0541E9A69037C45,"深秋时节,黄河壶口瀑布的景色别具特色,吸引大量游客.每逢晴... 其中拟规定小学生晚9点、初中生晚10点可经家长确认拒绝完成剩...",微信公众号
晋祠博物馆今日(10月4日)接待人数已接近馆区最大承载量,2025-10-04,https://weixin.sogou.com/link?url=dn9a_-gY295K0Rci_xozVXfdMkSQTLW6cwJThYulHEtVjXrGTiVgS8Yb2aZgmg8WbkfO7p9Yg-LMFPaYgvCOWVqXa8Fplpd9uH4hmrQActO2KelwEfhF8w9274MrPP92yoR5ozgwd8HrSK5y4YhlTVMWApKtyOP_3rg9wM1YAZNA5VGakDCHtu3a92i-3qd5_sVxAKKIoRrQXtlHWOdIbi1yyS6Z0W8bBAK0Pwd_fUjQgZOu1TM4bCAu9vGnzT9xKjmhMeCLkTZ5Nu7CnoSqqg..&type=2&query=%E6%99%8B%E7%A5%A0 10%E6%9C%88&token=D11C60842EAAA1C1B0B6F2CEC3DDF4E8B0541E9A69037C4D,"11.5公里综上信息,您可以依据实况及时调整出行规划,以免对您的旅途造成影响.晋祠博物馆2025年10月4日来源:晋祠博物馆",微信公众号
【山西深度全景】10月8日|五台山、佛母洞、悬空寺、云冈石窟、平遥古城、乔家大院、壶口瀑布、晋祠双飞纯玩六天,2025-10-08,https://weixin.sogou.com/link?url=dn9a_-gY295K0Rci_xozVXfdMkSQTLW6cwJThYulHEtVjXrGTiVgS8Yb2aZgmg8WbkfO7p9Yg-LMFPaYgvCOWVqXa8Fplpd9L7gmADqAPaqZWTgZ3N88KFeh_75PMErhzIC_-hdwyqMNyI05KsnITeotI5F8UADuYp8AX95YAMlExFIgKElsgCfm9_djcHv3CxMfd3j6jdHTe-fF2loM8KS101dFH0jjXUDPQMODWIxSga-Owy4r5iPH3M0xLgKZmyKH6ePlNlJFH6In5Ei3zg..&type=2&query=%E6%99%8B%E7%A5%A0 10%E6%9C%88&token=D11C60842EAAA1C1B0B6F2CEC3DDF4E8B0541E9A69037C4D,全晋山西【全晋山西】六日游五台山、悬空寺、云冈石窟、平遥古城、乔家大院、壶口瀑布、晋祠、太原古县城双飞六天10月8/10/12/...,微信公众号
醉美十月晋祠秋色,2025-10,https://weixin.sogou.com/link?url=dn9a_-gY295K0Rci_xozVXfdMkSQTLW6cwJThYulHEtVjXrGTiVgS8Yb2aZgmg8WbkfO7p9Yg-LMFPaYgvCOWVqXa8Fplpd9lja1F-T0X1KuutEvzKHBRCXt-jRzW2dVHvzf7CrNnVEOyl8TIK2jsgNXG859eDpra-LtPJZbM7ZcG1a62BcP6gqvF35LgkI8i46AZg4tP4ZzJPUR3Kal7qpnQtl-06e1-gBz--5fSLoSk13dw3-gO54Ryc92uDWcX_T4lmUfL2-q3X8EKMKOIA..&type=2&query=%E6%99%8B%E7%A5%A0 10%E6%9C%88&token=D11C60842EAAA1C1B0B6F2CEC3DDF4E8B0541E9A69037C4D,晋祠的秋色更是色彩斑斓绚丽多彩.  2023年10月19日手机拍于晋祠景区三晋出版社《山西国宝周历•2024(彩塑卷)》,微信公众号
"直播预告|10月1日9:00,云游晋祠,法治同行",2025-10-01,https://weixin.sogou.com/link?url=dn9a_-gY295K0Rci_xozVXfdMkSQTLW6cwJThYulHEtVjXrGTiVgS8Yb2aZgmg8WbkfO7p9Yg-LMFPaYgvCOWVqXa8Fplpd9Y_XVeAjnc_322JHP431w5MvIGdu-GnSLMuBwacKKWvYyIVY-ve5AdE8hJQIDoxRI4KxShfr39R6syATi3FD00kP9CACV_Rcj6UFKLxCUnlLKlXTEIeNnD_mZAWsWsadULFcvpl_zd8bMmsugSAmGE6APHp5h9A0c3_OM8eCclLx6VKrzu_4XKA..&type=2&query=%E6%99%8B%E7%A5%A0 10%E6%9C%88&token=D11C60842EAAA1C1B0B6F2CEC3DDF4E8B0541E9A69037C4D,"云游晋祠,法治同行.10月1日9时,由山西省文物局主办,太原市文物局支持,山西晚报·文博山西和晋祠博物馆承办,将联合举办一...",微信公众号
"【10月1-6日 】跟着'悟空'游山西,平遥-晋祠-悬空寺-应县木塔-云冈石窟-乔家大院-万年冰洞",2025-10,https://weixin.sogou.com/link?url=dn9a_-gY295K0Rci_xozVXfdMkSQTLW6cwJThYulHEtVjXrGTiVgS8Yb2aZgmg8WbkfO7p9Yg-LMFPaYgvCOWVqXa8Fplpd90j_JRRrd1OT0uaIe_R3FNPyOYm2f5jqZXuo7GyjhbE_Ob9TpoGz1ZTsG4-jwCk0f0fRMOLrOeUtaNRHi_-KT328C-ySqgF75_DBMZTrsIjvHizRRxNLeynIEZ3U9fCI9BjGT97eyEgWcYcPBAC6yGSzETDxTXZCW8NSB5fcd4AJ6VKrzu_4XKA..&type=2&query=%E6%99%8B%E7%A5%A0 10%E6%9C%88&token=D11C60842EAAA1C1B0B6F2CEC3DDF4E8B0541E9A69037C4D,"10月02日. 平遥—晋祠—浑源县平遥到晋祠70km 早上8:00点出发上午游玩晋祠.下午前往浑源县,安排入住之后 自由前往浑源古城游...",微信公众号
【短线团】10月6日天龙山+晋祠公园休闲1日游,2025-10-01,https://weixin.sogou.com/link?url=dn9a_-gY295K0Rci_xozVXfdMkSQTLW6cwJThYulHEtVjXrGTiVgS8Yb2aZgmg8WbkfO7p9Yg-LMFPaYgvCOWVqXa8Fplpd9KpWCeTNGJdle7yqk_-wqjkY0bsW-tzb0WSsIoMY8YFZR75orDtc6k2R_6JGxV43g6MWBaoNF6dUuelo95OrVNb-jRIC0rHO56Szl53tx89Za4JAg17fWEoSTLXD7VrgoqpaNK-FvklK0QecfSzmUtrS40w5YpLl_P5csYjgZ3t0GX_iHL9MadA..&type=2&query=%E6%99%8B%E7%A5%A0 10%E6%9C%88&token=D11C60842EAAA1C1B0B6F2CEC3DDF4E8B0541E9A69037C4D,发团信息参考日期2025年10月16日产品报价现金报名60周岁以上:40元/人行程特色:天龙山国家森林公园---天龙山景区;晋祠公园;...,微信公众号
2020年10月3-6日自驾晋祠-平遥古城-乔家大院-壶口瀑布-洪洞大槐树4日游招募中,2025-10,https://weixin.sogou.com/link?url=dn9a_-gY295K0Rci_xozVXfdMkSQTLW6cwJThYulHEtVjXrGTiVgS8Yb2aZgmg8WbkfO7p9Yg-LMFPaYgvCOWVqXa8Fplpd9gCC6iHDuUtp0BxO3OKytSEvEjauyInodITaIuBSCVjte5kFvmaaJ4l6_LKLLT7WNifNqdms8MKi8LZ5cwBKSwVCv37q0hqFeOGo7j9eKx7GZeOBvWeLkP5UZkd2wM699izhDK4yPkf93dqZuyYTzU4v_nBv9oc3XkPb9tr-26rHP28temKTOwg..&type=2&query=%E6%99%8B%E7%A5%A0 10%E6%9C%88&token=D11C60842EAAA1C1B0B6F2CEC3DDF4E8B0541E9A69037C4D,【活动时间】2020年10月3-6日(4天 )【活动地点】晋中 平遥  临汾【游览景区】晋祠平遥古城 乔家大院 壶口瀑布 大槐树【活动主...,微信公众号
【国庆假期/双动5日】仅此一班10月2日传奇晋西北“太原、芦芽山、马仑草原、平遥古城、晋祠、升级入住平遥民俗客栈等”纯玩五日游,2025-10-02,https://weixin.sogou.com/link?url=dn9a_-gY295K0Rci_xozVXfdMkSQTLW6cwJThYulHEtVjXrGTiVgS8Yb2aZgmg8WbkfO7p9Yg-LMFPaYgvCOWVqXa8Fplpd9WH9aGi2CSjnAxM3AGebvVGaQFzfgjciLUkxT95G4oakZ-tqdUTlnHbfVpTPVc4kVWNiq0XVOI7YPKrVUmlo4y22vnkTRyPflugQ1yrlDdkS3feMloDsnd8l5cJq5tAnJmWgOoVLaXpBE5zcAeeGPvsaZbq_BVRYw4-P9Vkp9Hl9flztgI7RZ1g..&type=2&query=%E6%99%8B%E7%A5%A0 10%E6%9C%88&token=D11C60842EAAA1C1B0B6F2CEC3DDF4E8B0541E9A69037C4D,"L-SD-06163-012【活动时间】10月2日—6日,5天4晚烟台独立成... 住太原第二天晋祠-乔家大院-平遥古城   含早中                        住平...",微信公众号
晋祠博物馆基本陈列10月23日正式面向公众开放,2025-10,https://weixin.sogou.com/link?url=dn9a_-gY295K0Rci_xozVXfdMkSQTLW6cwJThYulHEtVjXrGTiVgS8Yb2aZgmg8WbkfO7p9Yg-LMFPaYgvCOWVqXa8Fplpd9E5APfRSiaL82lQtimJnCrwLjmtsn4-IOcuQARQp0kWxIROuvVnqlBstv7uV7mSlEgah8tCUwT9vYS3Te6D8_0Udt8bJiR0KZ-mn1zpjGQdgwHCNyeO_2W9fDfD5Yx8ffG-wQINQuZMlSudoNsuxeTMnjjoH-s8rPb9jTh9BOcbFf_71bqkOtiw..&type=2&query=%E6%99%8B%E7%A5%A0 10%E6%9C%88&token=D11C60842EAAA1C1B0B6F2CEC3DDF4E8B0541E9A69037C4D,"“万古一脉”晋祠博物馆基本陈列,10月23日正式面向公众开放.展览以宏阔的历史视野、深厚的文化内涵和创新的展陈语言,深入解...",微信公众号
"10月3号发团,平遥古城+乔家大院+晋祠二日游",2025-10-03,https://weixin.sogou.com/link?url=dn9a_-gY295K0Rci_xozVXfdMkSQTLW6cwJThYulHEtVjXrGTiVgS8Yb2aZgmg8WbkfO7p9Yg-LMFPaYgvCOWVqXa8Fplpd90h0pWLRfzzzFz_GLpU7MjYQLb4mDQd25lyJCmg9H2f26RTOcqwNEF5Gzb-y7TdRviFlLbhTI0YMLGSZQjbcau6LPxivwAmr0mmzN3gZXOXvHKLlCzCrmlsyipaBd9Z26gNYu1DTcLggsRz3wCr-C0kaMKvYs4rsXaH--T_QFAQGfxjh3za6jWA..&type=2&query=%E6%99%8B%E7%A5%A0 10%E6%9C%88&token=D11C60842EAAA1C1B0B6F2CEC3DDF4E8B0541E9A69037C4D,"乔家大院门票----全价100元,半价58元2.晋祠门票----全价72元,半价40元60周岁以1.2米以下上免,18岁以下半票特别提示旅游费用为...",微信公众号
